id,circonscription_id,parti,nom,score,pourcentage,elu,source_page
1,1,INDEPENDANT,KOTO EHOU SOPHIE,547,4.0,False,1
2,1,RHDP,KOFFI AKA CHARLES,9078,66.35,True,1
3,1,INDEPENDANT,YEPIE KOUASSI THEODORE,58,0.42,False,1
4,1,INDEPENDANT,TCHIMOU GNAMON BERTRAND,1991,14.55,False,1
5,1,INDEPENDANT,BOKA BOKA MAURICE,674,4.93,False,1
6,1,ADCI,EDI DOFFOU PAUL,331,2.42,False,1
7,1,FPI,N'GUESSAN KOTCHI REMI,474,3.46,False,1
8,1,MGC,NANDO YAVO SERGE,453,3.31,False,1
9,1,ADCI,OCHOU WROHOUM MARIE-PASCALE,296,2.37,False,1
10,2,RHDP,DIMBA N'GOU PIERRE,10675,85.37,True,1
11,2,INDEPENDANT,OCHO KOKOU BERTRAND,20,0.16,False,1
12,2,INDEPENDANT,TETCHI EHUE ANTOINE,75,0.6,False,1
13,2,INDEPENDANT,NGOU KOKOLA GRACIASSE,30,0.24,False,1
14,2,PDCI-RDA,OHOUNA NTAKPE NICAIS,1327,10.61,False,1
15,3,INDEPENDANT,KOUAME YAO FREDERIC,439,8.61,False,1
16,3,INDEPENDANT,DOUMBIA HAMED CHEICK YVANN,1549,30.37,False,1
17,3,INDEPENDANT,KPATA APPIA EDI JORES,863,16.92,False,1
18,3,INDEPENDANT,KIPRE LIPIA MIREILLE,38,0.74,False,1
19,3,INDEPENDANT,ADJA OWO GILLES ROGER,96,1.88,False,1
20,3,RHDP,ALAIN EKISSI,1673,32.8,True,1
21,3,INDEPENDANT,BAMBA IDRISSA,256,5.02,False,1
22,3,PDCI-RDA,EKISSI HUBERSON EVARISTHO ALVARIS,163,3.2,False,1
23,4,INDEPENDANT,TCHIMOU OKOMAN EMMANUEL,1668,22.51,False,1
24,4,INDEPENDANT,OFFO ABOLE SYLVAN,827,11.16,False,1
25,4,INDEPENDANT,NGOU OKAUGNY YANNICK ANICET,110,1.48,False,1
26,4,RHDP,KOUASSI MARIE VIRGINIE,2607,35.19,True,1
27,4,INDEPENDANT,ATIN ERIC ALAIN,355,4.79,False,1
28,4,INDEPENDANT,OFFO BEDIA AKE VINCENT,197,2.66,False,1
29,4,INDEPENDANT,KOFFI ANGBA GUY RICHARD,65,0.88,False,1
30,4,FPI,ASSEKE BERNARD,117,1.58,False,1
31,4,PDCI-RDA,N'GUESSAN AKA ARNAUD,1211,16.34,False,1
32,5,INDEPENDANT,BOTTI ADJIRI BERNARD,1127,10.81,False,2
33,5,INDEPENDANT,YAO YAO ERIC ARMAND,1710,16.41,False,2
34,5,INDEPENDANT,BIPKO DANIELLE ADAH,1417,13.6,False,2
35,5,INDEPENDANT,KOPRO AMANI PIERRE VINCENT,580,5.57,False,2
36,5,RHDP,N'GATA BRIE JOSEPH,3574,34.3,True,2
37,5,INDEPENDANT,SAHORE N'GUESSAN PASCAL,157,1.51,False,2
38,5,INDEPENDANT,ADOU JOSE ANTONIO,64,0.61,False,2
39,5,INDEPENDANT,ADANGBA KASSA-KASSA RAPHAEL,32,0.31,False,2
40,5,PDCI-RDA,ASSOUMOU BAKA CHARLES,1626,15.6,False,2
41,5,RHDP,KANGBE YAYORO CHARLES LOPEZ,3169,30.46,True,2
42,5,ADCI,CAMARA ISSOUF,1848,20.68,False,2
43,5,INDEPENDANT,TANOH AMOI CHRISTIAN,88,0.98,False,2
44,6,INDEPENDANT,GOUHAN EKANZA JULES ROLAND MONSIHO,355,3.16,False,2
45,6,INDEPENDANT,NGUEESSAN AUGUSTIN KOUAKOU KASSI,282,3.16,False,2
46,6,INDEPENDANT,KOUAKOU NGORAN JEROME,868,9.71,False,2
47,6,CNPCIN,YAO CHRIST FRANCIS ALAIN GILLES,126,1.41,False,2
48,6,PDCI-RDA,OBOUMOU GOLE MARCELIN,2375,26.57,False,2
49,6,ADCI - GP - PAIX - VALEUR,ASSALE TIEMOKO ANTOINE,7489,45.88,True,2
50,7,RHDP,SANOGO DRAMANE ALPHA,8557,52.42,True,2
51,7,PDCI-RDA,MIAN OCTAVI PEROU,159,0.97,False,2
52,7,GJPA-CI,KOFFI NDRY FERNANDIN,35,0.21,False,2
53,7,INDEPENDANT,KOUASSI KOFFI KAN ANICET DIDIER,881,5.4,False,2
54,7,INDEPENDANT,BOKA YAO DANIEL,911,5.58,False,2
55,8,RHDP,KOUADIO BEUGRE BERNARD,3912,54.51,True,2
56,8,INDEPENDANT,NAHONOU FELICITE VERONIQUE N'GUESSAN,81,1.13,False,2
57,8,INDEPENDANT,MBASSIDJE EDDOH CHRISTIAN RICHARD,59,0.82,False,2
58,8,INDEPENDANT,EBOU ADJOA ANGELE,84,1.17,False,2
59,8,PDCI-RDA,KOUAME KOFFI RUF IN,1150,16.02,False,2
60,9,INDEPENDANT,DIABATE MAMADOU,75,0.63,False,3
61,9,PDCI-RDA,SOUMAHORO SOULEYMANE,408,3.44,False,3
62,9,RHDP,DIOMANDE LASSINA,11219,94.6,True,3
63,10,INDEPENDANT,BAKAYOKO KARAMOKO,2894,44.76,False,3
64,10,RHDP,SOUMAHORO YOUSSouf,3498,54.1,True,3
65,11,INDEPENDANT,BAMBA MORY,2724,17.99,False,3
66,11,RHDP,MAMADOU SANOGO,6026,39.81,True,3
67,11,INDEPENDANT,BAMBA MAMADOU,123,0.81,False,3
68,11,INDEPENDANT,DIOMANDE ABDOUL AHMARA,5989,39.56,False,3
69,11,INDEPENDANT,MEMAN BAMBA,1524,11.59,False,3
70,11,INDEPENDANT,ALIDOU TOURE,3256,24.77,False,3
71,12,INDEPENDANT,KONE MAMADOU,2287,17.4,False,3
72,12,INDEPENDANT,MIAMAN KONE,1098,8.35,False,3
73,12,RHDP,DIOMANDE VASSADIA,3613,27.48,True,3
74,12,INDEPENDANT,MOUSSA BAMBA,1227,9.33,False,3
75,13,INDEPENDANT,BAMBA ANZOUMANA,2060,29.03,False,3
76,13,RHDP,SANOGO MOUSSA,4962,69.92,True,3
77,14,INDEPENDANT,OUATTARA GUIBESSONGUI ISSA,4488,35.98,False,3
78,14,INDEPENDANT,COULIBALY LASSINAN,1576,12.64,False,3
79,14,RHDP,COULIBALY FONONNA CHEICK AHMED,5606,44.95,True,3
80,15,INDEPENDANT,COULIBALY ZIE SOUMAILA,598,1.62,False,3
81,15,RHDP,KONE MARIATOU,36846,100.0,True,3
82,16,INDEPENDANT,TRAORE DON SAMUEL,3692,31.45,False,3
83,16,RHDP,KONE NABAGNE BRUNO,7831,66.71,True,3
84,17,INDEPENDANT,KONE KARIMOU,1242,6.15,False,3
85,17,INDEPENDANT,BALLO NOUHO,10331,51.17,False,3
86,17,RHDP,TOURE ALPHA YAYA,8239,40.81,True,3
87,18,INDEPENDANT,KONE SEYDOU,274,1.24,False,3
88,18,INDEPENDANT,DIARRASSOUBA SOUMAILA,11811,53.62,False,3
89,18,INDEPENDANT,DIARRASSOUBA ABDOULAYE,3070,13.94,False,3
90,18,RHDP,TRAORE MARIAME,6674,30.3,True,3
91,19,RHDP,KOFFI KOFFI SERAPHIN,5037,45.32,False,4
92,19,INDEPENDANT,KONAN ULRICH KOUADIO SERGE RENE,199,1.79,False,4
93,19,PDCI-RDA,N'GUESSAN KOUASSI EDOUARD,5741,51.65,True,4
94,20,INDEPENDANT,ENSEMBLE TOUT EST POSSIBLE,80,0.56,False,4
95,20,INDEPENDANT,LES PROGRESSISTES,222,1.56,False,4
96,20,RHDP,"UNE COTE DIVOIRE EN PAIX, PROSPERITE ET SOLIDAIRE",6127,43.02,False,4
97,20,INDEPENDANT,ENSEMBLE POUR LE DEVELOPPEMENT,190,1.33,False,4
98,20,PRO CI,PRO COTE DIVOIRE POUR UN PARLEMENT DEFENSEUR DES POPULATIONS,70,0.49,False,4
99,20,PDCI-RDA,TOUS ENSEMBLE POUR LA CÔTE D'IVOIRE,7418,52.09,True,4
100,21,RHDP,GOUDOU RAYMONDE COFFIE,4615,48.86,False,4
101,21,INDEPENDANT,SENI KONAN JULES NANGLE,143,1.51,False,4
102,21,PDCI-RDA,ALLIHALI HERVE DOMINIQUE DIE,4630,49.02,True,4
103,22,INDEPENDANT,KOUADIO N'GUESSAN CHARLES,160,1.31,False,4
104,22,INDEPENDANT,NGUESSAN KOUAME MARIUS MAURINIER,61,0.5,False,4
105,22,RHDP,KONAN YAO SIMPLICE,4846,39.66,False,4
106,22,INDEPENDANT,NDA KOUASSI JULES,97,0.79,False,4
107,22,INDEPENDANT,KOUADIO KOFFI ASSASSI MARCEL,85,0.7,False,4
108,22,INDEPENDANT,KOUAKOU KOUADIO JUVENAL,60,0.49,False,4
109,22,PDCI-RDA,N'DAKPRI DJAHA ANGE FELIX,6782,55.5,True,4
110,23,INDEPENDANT,ADAMA BAKAYOKO,8087,55.52,True,4
111,23,RHDP,HAMADOU KAMAGATE,6196,42.54,False,4
112,23,PDCI-RDA,KATINSNELY COULIBALY,45,0.31,False,4
113,24,INDEPENDANT,KONATE BAKARY,1055,6.47,False,4
114,24,INDEPENDANT,KONE AMOUR LAYE,4127,25.31,False,4
115,24,INDEPENDANT,CISSE ISAAC,886,5.43,False,4
116,24,RHDP,GNANGADJOMON KONE,9862,60.47,True,4
117,25,RHDP,FOFANA EPSE MEITE SALIMATA,7756,64.85,True,4
118,25,INDEPENDANT,SOTIGUY COULIBALY,3921,32.78,False,4
119,25,PDCI-RDA,FOFANA ADAMA,145,1.21,False,4
120,26,INDEPENDANT,BAMBA LADJI,5703,48.99,True,4
121,26,INDEPENDANT,WASSI KANATE,423,3.63,False,4
122,26,RHDP,DOGOSSATI BAKAYOKO,5320,45.7,False,4
123,27,INDEPENDANT,BAGATE ABDOULE TIECOURA,2190,21.2,False,4
124,27,INDEPENDANT,BISSA AUGUSTIN,2785,26.97,False,4
125,27,RHDP,GBEGBE BATO OLIVIER,426,4.12,False,4
126,27,INDEPENDANT,BAMBA CHEICK LANCINA,4696,44.6,True,4
127,27,PDCI-RDA,DELLOH ERIC,97,0.94,False,4
128,28,CODE,CONGRES DEMOCRATIQUE,1820,12.98,False,4
129,28,RHDP,"UNE COTE DIVOIRE EN PAIX, PROSPERE ET SOLIDAIRE",11923,85.01,True,4
130,29,INDEPENDANT,SIB SIE JEAN,2550,35.19,True,5
131,29,RHDP,KAMBOU SIE,2178,30.05,False,5
132,29,INDEPENDANT,SOM SIE JEAN BAPTISTE,1621,22.37,False,5
133,29,INDEPENDANT,KAMBIRE SIE BOMITE JULIEN,96,1.32,False,5
134,29,INDEPENDANT,KAMBOU BALIRE JEROME,423,5.84,False,5
135,29,FPI,KAMBOU OLLO PAUL,112,1.55,False,5
136,29,PDCI-RDA,HIEN PIRIHINTE,58,0.8,False,5
137,30,INDEPENDANT,KOUASSI KOUADIO JOEL,158,1.56,False,5
138,30,INDEPENDANT,KAMBIRE CHARLES,3426,33.8,False,5
139,30,RHDP,NOUFE SANSSAN KOULANFIRTE,6072,59.9,True,5
140,30,INDEPENDANT,OUATTARA KOFFI,153,1.51,False,5
141,30,INDEPENDANT,KAMBOU HOLO,439,3.14,False,5
142,31,RHDP,OUATTARA AMARA,6583,47.12,True,5
143,31,INDEPENDANT,KRA EUGENE KOUASSI,1315,9.41,False,5
144,31,GP-PAIX,DABILA KOUADIO JEAN-MARIE,93,0.67,False,5
145,31,PDCI-RDA,KOUADIO DEGUEGU EDOMOND,5362,38.38,False,5
146,32,INDEPENDANT,SIB SANSSAN DIEUDONNE,2392,41.26,False,5
147,32,INDEPENDANT,PALE OLLO DESIRE,491,8.47,False,5
148,32,RHDP,OUATTARA OUMAR,2694,46.46,True,5
149,32,INDEPENDANT,PALE SANSSAN,61,1.05,False,5
150,33,RHDP,UNE CÔTE DIVOIRE PROSPERE ET SOLIDAIRE,5882,52.63,True,5
151,33,INDEPENDANT,CANDIDATURE POUR LA DIGNITE ET LE TRIOMPHE DU PEUPLE,344,3.08,False,5
152,33,PDCI-RDA,TOUS ENSEMBLE POUR LA CÔTE DIVOIRE,4816,43.09,False,5
153,34,INDEPENDANT,KEI GBOHOU MELANIE,62,0.99,False,5
154,34,RHDP,TIO LOUIS SERGE,3951,63.23,True,5
155,34,PDCI-RDA,SARR BOHE MARIUS MELANIE DEGBAHOUA,2166,34.66,False,5
156,34,INDEPENDANT,BAMBA DAOUD,727,11.64,False,5
157,35,RHDP,SERODE GUI HERVE MARC GATIEN,4099,58.06,True,5
158,35,INDEPENDANT,BAMBA LANCINE,175,2.48,False,5
159,35,INDEPENDANT,TIEON HERMANN ULRIK,84,1.19,False,5
160,35,INDEPENDANT,KEMONSIHEI JEAN BED,567,8.03,False,5
161,35,INDEPENDANT,TAHI HOULOUegnionn,191,2.71,False,5
162,35,INDEPENDANT,SIHE JESUS,1150,16.29,False,5
163,36,INDEPENDANT,TIEDE ROBINSON POANHOULOU,71,1.02,False,6
164,36,INDEPENDANT,COULIBALY KAYAFEHE LACINA,334,4.78,False,6
165,36,RHDP,BAYALLA KOUYE MAYA HIPPOLYTE,4793,68.59,True,6
166,36,CODE,VIMPLOU DJEHI GUEHE,55,0.79,False,6
167,36,INDEPENDANT,GUIRE TCHERPKAHON EDGARD,87,1.24,False,6
168,36,PDCI-RDA,GNONKONTE GNESSON DESIRE,1585,22.68,False,6
169,37,RHDP,OULOTO ANNE DESIRE,6465,60.88,True,6
170,37,ADCI,DESSAON DOUANGNININ FABRICE,297,2.8,False,6
171,37,INDEPENDANT,BROU KOUAME PACOME,124,1.17,False,6
172,37,PDCI-RDA,ZION KAH DENIS,3619,34.08,False,6
173,37,INDEPENDANT,ABOBO RENAISANCE,916,0.87,False,6
174,37,AIDE,AGIR AUJOURDHUI POUR BATIR DEMAIN,1374,1.31,False,6
175,38,RHDP,"UNE COTE DIVOIRE EN PAIX, PROSPERE ET SOLIDAIRE",92947,88.45,True,6
176,38,PIA/PRCI/CODE,OSONS LE CHANGEMENT,622,0.59,False,6
177,38,INDEPENDANT,ENSEMBLE POUR UNE NOUVELLE VISION,647,0.62,False,6
178,38,PDCI-RDA,TOUS ENSEMBLE POUR LA COTE DIVOIRE,7359,7.0,False,6
179,38,INDEPENDANT,ADJAME DJIGUI,653,4.6,False,6
180,39,RHDP,"UNE COTE DIVOIRE EN PAIX, PROSPERE ET SOLIDAIRE",11152,78.6,True,6
181,39,INDEPENDANT,ADJAME LE BARA,444,3.13,False,6
182,39,INDEPENDANT,ALTERNATIVE NOUVELLE GENERATION,152,1.07,False,6
183,39,INDEPENDANT,TOUS UNIS POUR UN ADJAME MEILLEUR,282,1.99,False,6
184,39,PDCI-RDA,TOUS ENSEMBLE POUR LA COTE DIVOIRE,1358,9.57,False,6
185,40,RHDP,"UNE COTE DIVOIRE EN PAIX, PROSPERE ET SOLIDAIRE",18012,80.49,True,6
186,40,INDEPENDANT,UNIR POUR LE CHANGEMENT,1054,4.71,False,6
187,40,INDEPENDANT,LE COEUR POUR ATTECOUBE,187,0.84,False,6
188,40,UNCI,SOLIDAIRE POUR TOUS,249,1.11,False,6
189,40,INDEPENDANT,DEVELOPPEMENT ET PROGRES POUR ATTECOUBE,1395,6.23,False,6
190,40,PDCI-RDA,TOUS ENSEMBLE POUR LA COTE DIVOIRE,1209,5.4,False,6
191,41,RHDP,UNE COTE DIVOIRE EN PAIX PROSPERE ET SOLIDAIRE,9269,33.37,False,7
192,41,INDEPENDANT,COCODY SMART,34,0.12,False,7
193,41,INDEPENDANT,ALLIANCE NOUVELLE POUR COCODY,133,0.48,False,7
194,41,INDEPENDANT,NOUVELLE VISION POUR COCODY,90,0.32,False,7
195,41,INDEPENDANT,LES ELUS AU SERVICE DU PEUPLE,667,2.4,False,7
196,41,INDEPENDANT,NOUVEL ESPOIR DE COCODY,184,0.66,False,7
197,41,AIDE,ENSEMBLE POUR LE DEVELOPPEMENT,110,0.4,False,7
198,41,ADCI,"AUJOURD'HUI DEMAIN, LA COTE DIVOIRE (ADCI)",1682,6.06,False,7
199,41,INDEPENDANT,UNE IDEE POUR COCODY,105,0.38,False,7
200,41,INDEPENDANT,PRO COTE DIVOIRE POUR UN PARLEMENT DEFENSEUR DES POPULATIONS,46,0.17,False,7
201,41,INDEPENDANT,LA SOUVERAINE AU SERVICE DU DEVELOPPEMENT DU CAPITAL HUMAIN,165,0.59,False,7
202,41,INDEPENDANT,NOUVELLE VOIX,280,1.01,False,7
203,41,INDEPENDANT,POUR LE PEUPLE,32,0.12,False,7
204,41,PDCI-RDA,TOUS ENSEMBLE POUR LA COTE-DIVOIRE,14740,53.06,True,7
205,42,RHDP,"UNE COTE DIVOIRE EN PAIX, PROSPERE ET SOLIDAIRE",23968,74.35,True,7
206,42,INDEPENDANT,GENERATIONS AVENIR,1085,3.37,False,7
207,42,PDCI-RDA,TOUS ENSEMBLE POUR LA COTE DIVOIRE,6856,21.27,False,7
208,42,INDEPENDANT,POUR UN MARCORY NOUVEAU,279,0.87,False,7
209,42,INDEPENDANT,AMAGOU ZAHUI 2025,493,1.53,False,7
210,43,INDEPENDANT,PROGRES RIGUEUR EXCELLENCE,58,0.23,False,7
211,43,ADCI,"ADCI (AUJOURD'HUI ET DEMAIN, LA COTE DIVOIRE)",296,1.16,False,7
212,43,RHDP,"UNE COTE DIVOIRE EN PAIX, PROSPERE ET SOLIDERE",13996,54.99,True,7
213,43,PDCI-RDA,TOUS ENSEMBLE POUR LA COTE DIVOIRE,10133,39.81,False,7
214,43,INDEPENDANT,QUATTARA DRAMANE,8864,40.39,False,7
215,43,INDEPENDANT,FOFANA SINDOU,152,0.69,False,7
216,44,RHDP,"UNE COTE DIVOIRE EN PAIX, PROSPERE ET SOLIDERE",8197,34.2,False,7
217,44,INDEPENDANT,VANCERE LA PRECARITE,269,1.12,False,7
218,44,INDEPENDANT,ESPOIR PORT BOUET,116,0.48,False,7
219,44,INDEPENDANT,ENSEMBLE ON TOURNE LA PAGE,206,0.86,False,7
220,44,INDEPENDANT,ALLIANCE NOUVELLE GENERATION DES ELUS POLITIQUES DE COTE DIVOIRE,32,0.13,False,7
221,44,PDCI-RDA,TOUS ENSEMBLE POUR LA COTE DIVOIRE,14476,60.09,True,7
222,45,RHDP,"UNE COTE DIVOIRE EN PAIX, PROSPERE ET SOLIDERE",8197,34.2,False,7
223,45,ADCI,"AUJOURD'HUI ET DEMAIN, LA COTE DIVOIRE",298,1.24,False,7
224,45,INDEPENDANT,LA FORCE DU PEUPLE,99,0.41,False,7
225,45,INDEPENDANT,FOFANA SINDOU,152,0.63,False,7
226,45,PDCI-RDA,EHOUU JACQUES GABRIEL,12749,58.09,True,7
227,46,INDEPENDANT,BLEHINE PODE THIERRY JOEL,116,1.1,False,8
228,46,INDEPENDANT,BAYE PAUL PIERRE VALENTIN,1147,10.87,False,8
229,46,INDEPENDANT,SOUMAORO GAOUSSOU GEORGES ELVIS,33,0.31,False,8
230,46,RHDP,KAMARA AMINATA EPSE TOUNGARA,7173,67.98,True,8
231,46,INDEPENDANT,TOURE IBRAHIME BEN NABIL,370,3.51,False,8
232,46,INDEPENDANT,BOMINAL SERI MICHEL,11,0.1,False,8
233,46,PCDI-RDA,KOUASSI LENOIR GERMAIN,1638,15.52,False,8
234,47,INDEPENDANT,YOPOUGON NOTRE PASSION,2106,2.93,False,8
235,47,RHDP,"UNE COTE DIVOIRE EN PAIX, PROSPERE ET SOLIDAIRE",49017,68.14,True,8
236,47,INDEPENDANT,LA VOIX DE YOPOUGON,533,0.74,False,8
237,47,INDEPENDANT,NOUVELLE VISION,576,0.8,False,8
238,47,INDEPENDANT,UNIS POUR NOTRE COMMUNE YOPOUGON,238,0.33,False,8
239,47,PCDI-FPI-ADCI,TOUS ENSEMBLE POUR LA COTE DIVOIRE,18757,26.08,False,8
240,48,INDEPENDANT,UNE NOUVELLE VISION POUR ANYAMA,706,3.18,False,8
241,48,INDEPENDANT,CITOYENS-UNIS POUR UN NOUVEL ANYAMA,416,1.87,False,8
242,48,INDEPENDANT,UNION POUR LA GRANDEUR D'ANYAMA,1412,6.35,False,8
243,48,INDEPENDANT,ACTIFS POUR ANYAMA-ADJOUALE,3206,14.42,False,8
244,48,INDEPENDANT,ENSEMBLE POUR ANYAMA,403,1.81,False,8
245,48,RHDP,"UNE COTE DIVOIRE EN PAIX, PROSPERE ET SOLIDAIRE",8801,39.6,True,8
246,48,INDEPENDANT,ENSEMBLE POUR UNE RENAISSANCE DURABLE,4578,20.6,False,8
247,48,INDEPENDANT,L'ESPOIR D'ANYAMA CEST VOUS,103,0.46,False,8
248,48,INDEPENDANT,ALLIANCE POUR LA VOIE ET L'ECOUTE DE NOS CONCITOYENS,732,3.29,False,8
249,48,MERCI,LE MERCI,164,0.74,False,8
250,48,PDCI-RDA,NOUVELLE VISION,1165,5.24,False,8
251,49,RHDP,DOUMBIA ISSOUF,6384,42.93,False,9
252,49,INDEPENDANT,FANNY FATOU,203,1.36,False,9
253,49,INDEPENDANT,OBOUB MELIANE EVRARD,446,3.0,False,9
254,49,INDEPENDANT,HIEN KAMBRE IBRAHIM,4792,32.22,False,9
255,49,ADCI,DALEBA NAHONOUN PIERRE LAUTTI,506,3.4,False,9
256,49,INDEPENDANT,ALOBOUE SERGE ERIC,109,0.73,False,9
257,49,URCI,KOUAME NGUESAN DESIRE,68,0.46,False,9
258,49,INDEPENDANT,ZAKO OLILI ILARISSA ARMELLE RENEE,15,0.1,False,9
259,49,INDEPENDANT,KOUAME KOFFI FRANCK AIME,38,0.26,False,9
260,49,PDCI-RDA,BEUGRE DJOMAN,2249,15.12,False,9
261,49,INDEPENDANT,AKRE BIEFFO STEPHANE,388,2.61,False,9
262,49,RHDP,MAMBE BEUGRE ROBERT,31927,95.27,True,9
263,50,INDEPENDANT,SEA ROY JEAN ROMARIC,336,1.0,False,9
264,50,INDEPENDANT,NDE ANGRE MOISE,419,1.25,False,9
265,50,INDEPENDANT,DAGO PRISCA LABASSA GOUGQUGNON,249,0.74,False,9
266,50,INDEPENDANT,YAO KONAN GLOUHA SAME,124,0.37,False,9
267,50,INDEPENDANT,YAO LOUKOU GILBERT,28,0.08,False,9
268,50,INDEPENDANT,BFOU KOUAKOU JEAN-BAPTISTE,45,0.13,False,9
269,50,ADCI,NDRI KOUAME YVES,152,0.45,False,9
270,50,RHDP,KOFFI NGORAN JUSTIN,3618,10.79,False,9
271,50,PDCI-RDA,KONAN KOFFI MARIUS,3525,10.51,False,9
272,51,INDEPENDANT,LE BUFFLE,1159,15.28,True,9
273,51,INDEPENDANT,SEYDOU OUATTARA,100,1.32,False,9
274,51,INDEPENDANT,OKA ALAIN THIERRY,171,2.25,False,9
275,51,INDEPENDANT,BIFRI KOUADIO MACAIRE-JEAN,950,12.52,False,9
276,51,INDEPENDANT,KOUAME ELVIS KOUADIO,107,1.41,False,9
277,51,ADCI,AKPETOU KOUAME LAZARE,55,0.73,False,9
278,51,RHDP,KOFFI KOUAKOU KOUHOURE LEANDRE,5020,66.16,False,9
279,51,PDCI-RDA,KOUAME KONAN EDOUARD,730,9.62,False,9
280,52,RHDP,NGUESSAN BEWAN ANICET,1107,22.38,False,9
281,52,INDEPENDANT,LOUKOU KOUAME RICHARD,186,3.76,False,9
282,52,INDEPENDANT,BOA ETCHEGNE SYLVAIN PRUDENCE,141,2.85,False,9
283,52,INDEPENDANT,AMANI KOFFI JEROME,7,0.14,False,9
284,52,INDEPENDANT,KONAN KONAN EVRAD,147,2.97,False,9
285,52,PDCI-RDA,KOUAME KONAN EDOUARD,730,14.76,False,9
286,52,INDEPENDANT,KOUACOU AHOU JOSEE DESTHER,11,0.22,False,9
287,53,INDEPENDANT,ESPOIR,106,0.3,False,10
288,53,RHDP,"UNE CÔTE DIVOIRE EN PAIX, PROSPERE ET SOLIDAIRE",22070,62.09,True,10
289,53,INDEPENDANT,BATISSONS ENSEMBLE LA NATION IVOIRIENNE,141,0.4,False,10
290,53,PDCI-RDA,TOUS ENSEMBLE POUR LA CÔTE D'IVOIRE,12904,36.3,False,10
291,53,INDEPENDANT,KONE LANCINE,10274,28.96,False,10
292,53,RHDP,SIDIBE BERRY,10703,50.02,True,10
293,54,INDEPENDANT,KONE MAMERY,3651,28.96,False,10
294,54,INDEPENDANT,KALILOU CAMARA,268,2.13,False,10
295,54,INDEPENDANT,BAMBA KARIM,383,3.04,False,10
296,54,RHDP,SIDIBE NOUMORY,8154,64.67,True,10
297,54,CODE,TOURE MAMADOU,32,0.25,False,10
298,54,INDEPENDANT,ENSEMBLE POUR NOTRE BEOUMI,4628,30.7,False,10
299,55,INDEPENDANT,ADCI,154,1.02,False,10
300,55,INDEPENDANT,LA VOIX DE BEOUMI POUR LA COTE DIVOIRE,192,1.27,False,10
301,55,RHDP,"UNE COTE DIVOIRE EN PAIX,PROSPERE ET SOLIDAIRE",3559,23.61,False,10
302,55,INDEPENDANT,ENTENTE POUR LE DEVELOPPEMENT,440,2.92,False,10
303,55,PDCI-RDA,TOUS ENSEMBLE POUR LA CÔTE D'IVOIRE,5734,38.04,True,10
304,56,INDEPENDANT,KOUAKOU KOUAME MAXIME,3375,46.98,True,10
305,56,RHDP,KOUAME ATTINGBRE,1600,22.27,False,10
306,56,INDEPENDANT,NGUESSAN KOUADJO JULES,261,3.63,False,10
307,56,FPI,KOUASSI YAO RAPHAEL,329,4.58,False,10
308,56,PDCI-RDA,SAHOURÉ N'GUESSAN PATRICE,1541,21.45,False,10
309,57,,,,,False,10
310,57,RHDP,YAO KOUASSI MAURICE,3639,56.27,True,10
311,57,INDEPENDANT,KOUADIO KOUASSI LANDRY,289,4.47,False,10
312,57,INDEPENDANT,GNAMIEN KONAN,221,3.42,False,10
313,57,INDEPENDANT,DIABY AMADOU,79,1.22,False,10
314,57,PDCI-RDA,AZAGOH+KOUADIO RICHARD,1975,30.54,False,10
315,58,RHDP,ASSAHORE KONAN JACQUES,6758,65.08,True,10
316,58,INDEPENDANT,YAO-KOUAME ALBERT,78,0.75,False,10
317,58,INDEPENDANT,Brou Kouassi Félicien,57,0.55,False,10
318,58,INDEPENDANT,KOUADIO KOUAME EMMANUEL,80,0.77,False,10
319,58,INDEPENDANT,Yao Béty Ariane Rebecca Marie,598,5.76,False,10
320,58,INDEPENDANT,N'GUESSAN KOUADJO LÉONCE,22,0.21,False,10
321,58,PDCI-RDA,Houssou Kouadio Christophe,2644,25.46,False,10
322,59,RHDP,"UNE CÔTE DIVOIRE EN PAIX, PROSPERE ET SOLIDAIRE",111618,98.95,True,10
323,59,CODE,OSONS LE CHANGEMENT,692,6.1,False,10
324,59,GP-PAIX,PAIX-UNITE-PROSPERITE,300,2.64,False,10
325,61,"VISION, INTEGRITE, ESPOIR",,940,8.28,False,11
326,61,RHDP,,5421,47.77,True,11
327,61,PDCI-RDA,,3771,33.23,False,11
328,61,INDEPENDANT,UNION-DYNAMISME-ENTRAIDE,81,0.71,False,11
329,61,ADCI,KONAN YAO AUBIN,60,1.17,False,11
330,61,INDEPENDANT,TAIGUAKAN KOFFI EDMOND,243,4.76,False,11
331,61,INDEPENDANT,KOUAME KOUASSI GUSTAVE,1224,23.94,False,11
332,61,INDEPENDANT,KOUADIO DIE,60,1.17,False,11
333,61,RHDP,ALLAI JUSTICE EULOGE BENIANSOU,441,8.63,False,11
334,61,PDCI-RDA,YAO KOUADIO ROLAND,2944,57.58,True,11
335,61,INDEPENDANT,KOUADIO KPANPIEGO N'GUESSAN VALERIE,1155,10.15,False,11
336,62,INDEPENDANT,NGUESSAN KOUASSI DENIS,34,0.3,False,11
337,62,INDEPENDANT,KOUASSI HERMANN RODOLPHE,284,2.5,False,11
338,62,CODE,ZELIA KAKAOU ABOH KOFFI,177,1.56,False,11
339,62,INDEPENDANT,KOFFI KOUACOU BENITO,214,1.88,False,11
340,62,RHDP,TOTO KOUADIO YVES,3597,31.62,False,11
341,62,ADCI,TOTO KONAN VALENTIN,781,6.87,False,11
342,62,PDCI-RDA,KOUADIO KOUAME EUGENE,4970,43.69,True,11
343,63,RHDP,KEBE MAHAMADOU,4897,71.9,True,11
344,63,INDEPENDANT,YAO KONAN PAUL STEPHANE GISCARD RUFFIN,411,6.03,False,11
345,63,PDCI-RDA,GBALET DAKOURY DENIS,1385,20.33,False,11
346,64,INDEPENDANT,KACOU MEA D'ASSIS JUSTIN KEVIN,4032,55.13,True,11
347,64,RHDP,FREGBO GUETE BASILE MESMIN,2632,35.99,False,11
348,64,UDCY,GOUHIZOUN NDA PATRICK JEAN KOUAME,74,1.01,False,11
349,64,INDEPENDANT,DIAKITE MOHAMED,111,1.52,False,11
350,64,PDCI-RDA,GOUDARD AGROUA MOISE-HONORAT,403,5.51,False,11
351,64,INDEPENDANT,NANAN KOFFI,303,4.74,False,11
352,64,INDEPENDANT,SAMA DAMALAN JANVIER,967,15.13,False,11
353,65,RHDP,LEGRE DAKPA PHILIPPE,2976,46.57,True,11
354,65,ADCI,ABALE BASILE HENRI,85,1.33,False,11
355,65,INDEPENDANT,KPREKPRE ZILIHONON BERNADETTE ERNESTINE SYLVIE,1625,25.43,False,11
356,65,PDCI-RDA,ZAMA JEAN-LUC,378,5.91,False,11
357,69,INDEPENDANT,GNAHORE SIABA GEORGES,448,4.45,False,13
358,69,INDEPENDANT,KAKOU GUIKAHUE MAURICE,1600,15.89,False,13
359,69,INDEPENDANT,ADJI KODOU MATHIAS,55,0.55,False,13
360,69,INDEPENDANT,MOUSSA KONATE,1885,18.72,True,13
361,69,INDEPENDANT,RABE LIAGRO CHARLES,1314,13.05,False,13
362,69,INDEPENDANT,BAGNIMO DIABOU OLIVIER,47,0.47,False,13
363,69,INDEPENDANT,DAKOURY ELIE,49,0.49,False,13
364,69,INDEPENDANT,GNAGA LOSS-ROSS,62,0.62,False,13
365,69,PDCI-RDA,YAO KOUAME RENE,1607,15.96,False,13
366,69,INDEPENDANT,YAZI IKPO JEAN ARNAUD,59,0.59,False,13
367,69,INDEPENDANT,GNADJI DOGBA-RICHARD,721,7.16,False,13
368,69,RHDP,DJEDJEOGNE YRIPPE DIEGBEU YVETTE EPOUSE SEA,1645,16.34,False,13
369,69,INDEPENDANT,BLE ZOKOU,274,2.72,False,13
370,69,INDEPENDANT,KOFFI KOUAME,123,1.22,False,13
371,69,INDEPENDANT,GADJI DIDIER JEAN-FRANCOIS,20,0.2,False,13
372,69,INDEPENDANT,S'UNIR ET AGIR POUR GAGNOA,297,2.95,False,13
373,69,PDCI-RDA,TOUS ENSEMBLE POUR LA CÔTE D'IVOIRE,769,6.72,False,13
374,70,RHDP,UNE COTE D'IVOIRE EN PAIX PROSPERE ET SOLIDAIRE,9405,82.17,True,13
375,70,MDR,MOUVEMENT DEMOCRATIQUE POUR LE RENOUVEAU,542,4.74,False,13
376,70,ADCI,AUJOURDHUI ET DEMAIN LA CÔTE D'IVOIRE,333,2.91,False,13
377,71,PDCI-RDA,BAGROU GOLI,5210,48.56,True,13
378,71,MGC,KOBOU DECKY JEAN CLAUDE,137,1.28,False,13
379,71,ICON,MAYOBO OGA DADE YVES,94,0.88,False,13
380,71,INDEPENDANT,DEHI GAHI DANIEL,130,1.21,False,13
381,71,RHDP,KONAN JULIEN,3902,36.37,False,13
382,71,INDEPENDANT,KONATE ZANGA,14,0.13,False,13
383,71,INDEPENDANT,ALLAH KOUADIO ERIC SAINT-CLAIR,963,8.35,False,13
384,71,INDEPENDANT,BANA DONZO JEAN PROSPER,124,1.08,False,13
385,71,PDCI-RDA,LAGUI KOUASSI JOACHIM,3810,33.04,False,13
386,71,MGC,TRAH N'GORAN YOLANDE AIMEE EPOUSE KOFFI,137,1.19,False,13
387,72,RHDP,KOUASSI DJA FLORE,5788,50.19,True,13
388,72,INDEPENDANT,WOYO BE NADEGE,171,1.48,False,13
389,72,INDEPENDANT,NDRI YAO MATHIEU,396,3.43,False,13
390,72,PDCI-RDA,LAGUI KOUASSI JOACHIM,3810,33.04,False,13
391,72,MGC,TRAH N'GORAN YOLANDE AIMEE EPOUSE KOFFI,137,1.19,False,13
392,72,INDEPENDANT,DOUEZAN LOU TCHANWELE PHILOMENE EPSE DADOU,35,0.3,False,13
393,72,INDEPENDANT,ALLAH KOUADIO ERIC SAINT-CLAIR,963,8.35,False,13
394,72,INDEPENDANT,BANA DONZO JEAN PROSPER,124,1.08,False,13
395,73,RHDP,"UNE CÔTE D'IVOIRE EN PAIX, PROSPERE ET SOLIDAIRE",14746,87.64,True,14
396,73,PDCI-RDA,TOUS ENSEMBLE POUR LA CÔTE D'IVOIRE,1161,6.9,False,14
397,73,INDEPENDANT,BONDOUKOU EN MARCHE,706,4.2,False,14
398,73,INDEPENDANT,ELITES DE LA RELEVE,255,1.39,False,14
399,73,INDEPENDANT,"UN JOUR, IL FERA JOUR",5262,28.68,False,14
400,73,PDCI-RDA,TOUS ENSEMBLE POUR LA CÔTE D'IVOIRE,888,4.84,False,14
401,73,INDEPENDANT,"LE PARLEMENT AUX PARLEMENTAIRES, LES HOMMES QU'IL FAUT À LA PLACE QU'IL FAUT",934,5.09,False,14
402,73,INDEPENDANT,CONCORDE POUR LE RENOUVEAU DU GONTOUGO,3641,19.84,False,14
403,73,RHDP,"UNE CÔTE D'IVOIRE EN PAIX, PROSPERE ET SOLIDAIRE",7031,38.32,True,14
404,74,FPI,NGUETTIA YAO KOUMAN,57,0.63,False,14
405,74,PDCI-RDA,SAWIRI YAO YEBOUA,1678,18.41,False,14
406,74,INDEPENDANT,QUATTARA ABOU,1725,18.92,False,14
407,74,P.B.J.V,KOSSONOU KOUADIO HENRI QUATREZE,219,2.4,False,14
408,74,INDEPENDANT,DIABAGATE YEBOUA ADAMAN,1961,21.51,False,14
409,74,INDEPENDANT,COULIBALY NANGA ISMAEL,212,2.33,False,14
410,74,INDEPENDANT,YEBOUA KOUAKOU KOUMAN BENOIT,19,0.21,False,14
411,74,RHDP,DIABAGATE MOUSSA,3122,34.24,True,14
412,74,PDCI-RDA,HIEN SIE GEORGES BENEDICT,120,1.24,False,14
413,74,INDEPENDANT,KRA KOBENAN LAZARE,2953,30.49,False,14
414,74,INDEPENDANT,KOUAME YAO KOUMAN,257,2.65,False,14
415,74,INDEPENDANT,BIFITE HOLLO DAH,232,2.4,False,14
416,74,INDEPENDANT,SOULEYMANE OUATTARA,2883,29.77,False,14
417,75,RHDP,DIABAGATE MOUSSA,3122,34.24,True,14
418,75,PDCI-RDA,HIEN SIE GEORGES BENEDICT,120,1.24,False,14
419,75,INDEPENDANT,KRA KOBENAN LAZARE,2953,30.49,False,14
420,75,INDEPENDANT,KOUAME YAO KOUMAN,257,2.65,False,14
421,75,INDEPENDANT,BIFITE HOLLO DAH,232,2.4,False,14
422,75,INDEPENDANT,SOULEYMANE OUATTARA,2883,29.77,False,14
423,76,RHDP,KOUASSI KOFFI KRA PAULIN,3123,32.25,True,14
424,76,INDEPENDANT,YAO KOUASSI ALI,262,3.56,False,14
425,76,INDEPENDANT,EBA YAO HAROUNA,1862,25.27,False,14
426,76,PDCI-RDA,KOFFI TEHJA,188,2.55,False,14
427,76,UNPR,MOUTAYE AZOUMANA,2571,34.89,False,14
428,76,RHDP,SONAN JEAN-FRANCOIS DONALD,2407,32.67,False,14
429,77,,,,,False,14
430,78,INDEPENDANT,AHMOU YAO,141,1.66,False,15
431,78,INDEPENDANT,CISSE MOHAMED,223,2.63,False,15
432,78,PDCI-RDA,KOUASSI BREDOUJY SOUMAILA TRAORE,2578,30.38,True,15
433,78,INDEPENDANT,YAO SOUMAILA,880,10.37,False,15
434,78,RHDP,KOUAKOU BOKO ANTOINE,1394,16.43,False,15
435,78,INDEPENDANT,KOFFI KRA SERGE-PACOME,986,11.62,False,15
436,78,INDEPENDANT,KOFFI STEPHANE NANAN ATHESSY,1156,13.62,False,15
437,78,INDEPENDANT,SEYAN KAMATE ISSOUF,692,8.15,False,15
438,78,REEL-CI,KOUADIO KOUABENA WILFRIED DELAFOSSE,334,3.94,False,15
439,78,INDEPENDANT,KOFFI GBALAZOU OLIVIER,30,0.35,False,15
440,78,INDEPENDANT,OUATTARA AZOUMANAN,2121,24.81,False,15
441,78,INDEPENDANT,BENIE KOUAKOU ADDAYE GERARD,428,5.05,False,15
442,79,INDEPENDANT,KOFFI KOUADIO SERAPHIN,89,1.21,False,15
443,79,PDCI-RDA,OULAYES YAO KPOULAALE FRANCOIS,2408,32.71,True,15
444,79,RHDP,KOUAKOU KOUASSI JEAN-MARIE,2270,30.84,False,15
445,79,INDEPENDANT,KAMAGATE YAHASSINAN,3812,35.21,False,15
446,79,CODE,OUATTARA LASSINA,67,0.92,False,15
447,79,RHDP,OUATTARA ABOUBAKAR,6864,63.41,True,15
448,80,,,,,False,15
449,80,,,,,False,15
450,80,,,,,False,15
451,81,INDEPENDANT,FIENI KOFFI KEVIN,2131,9.98,False,15
452,81,INDEPENDANT,BOBLAI DOUASSOHO JOSINANE ISABELLE,2483,11.62,False,15
453,81,ADCI,TEYA YAO BILLY CURTIS,258,1.21,False,15
454,81,PDCI-RDA,SERGE YVON VREME,754,3.53,False,15
455,81,RHDP,KOBENAN KOUASSI ADJOUMANI,15617,73.11,True,15
456,82,INDEPENDANT,TANO KOUABENAN ISAAC,6574,42.52,False,15
457,82,INDEPENDANT,OUATTARA ASSANAN,58,0.38,False,15
458,82,INDEPENDANT,BINI KOBENAN SERGE,148,0.96,False,15
459,82,PDCI-RDA,KOBENA KOSSONOU PAUL,388,2.51,False,15
460,82,RHDP,YOBOUA KOUABENAN CEVERIN,8175,52.87,True,15
461,83,RHDP,UNE CÔTE D'IVOIRE EN PAIX PROSPERE ET SOLIDAIRE,13219,71.18,True,16
462,83,MGC,POUR LA NATION,992,5.34,False,16
463,83,PDCI-RDA,TOUS UNIS POUR LA CÔTE DIVOIRE,4189,22.56,False,16
464,83,INDEPENDANT,KAKOU DIDIER PAUL AKA,45,0.39,False,16
465,83,INDEPENDANT,KOUASSI ANDRE,1478,12.94,False,16
466,83,INDEPENDANT,AME LEBE YOLANDE EPOUSE ADO,1001,8.76,False,16
467,83,RHDP,YAO N'GUESSAN ALFRED,4567,39.98,True,16
468,83,INDEPENDANT,KOUASSI ERHARD LUC,191,1.67,False,16
469,83,PDCI-RDA,YOBOUE MARIE LAURE,4051,35.46,False,16
470,83,INDEPENDANT,ODA EDOUARD,1972,22.84,False,16
471,83,RHDP,AMON-TANOH BENOIT MARCEL,4630,53.63,True,16
472,83,INDEPENDANT,ADJOUASSOU GUY-PEINE,23,0.27,False,16
473,84,ADCI,GAGHI GAGHI INNOCENT,,,False,16
474,84,INDEPENDANT,GNANDUILLET ARSENE LUCAIN,119,1.38,False,16
475,84,FPI,NGUESSAN DJIPRO GNANAGAHON VERONIQUE,180,2.08,False,16
476,84,PDCI-RDA,KOUASSI EPSE AKA-ADJO MARIE-ANGE GEORGETTE AYA-BONI,285,3.3,False,16
477,84,INDEPENDANT,TAH GLAO AGUILAS,1355,15.69,False,16
478,84,PDCI-RDA,LEDIEHIE KEMONDE CHRISTOPHE,586,4.31,False,16
479,84,INDEPENDANT,BAKO JEAN PONDERE NESTOR,505,3.71,False,16
480,84,INDEPENDANT,TALLY THIERRY HERMANE,556,4.09,False,16
481,84,INDEPENDANT,DIET DAZAMIN ANGE LAURE,939,6.91,False,16
482,84,INDEPENDANT,DOUAROU ZOH ANDRE JOSELYNE,273,2.01,False,16
483,84,APR.CI,DJEHI MONHYA HYPOLITE,214,1.57,False,16
484,84,RHDP,SEREY DOH CELESTIN,6394,47.03,True,16
485,84,INDEPENDANT,FOUEMON NEMET DESCANE WILFRIED,662,4.87,False,16
486,84,INDEPENDANT,TAE SYLVIN,190,2.01,False,16
487,84,INDEPENDANT,TALLY JEAN CHARLES FELIX LAMBERT,390,4.13,False,16
488,84,INDEPENDANT,GUIHIN DIOUFO NOMASSO,461,4.88,False,16
489,84,PDCI-RDA,DOHO ZONSELOLUE SIMON,2414,25.54,False,16
490,84,INDEPENDANT,MARCEL TABA,2341,24.77,False,16
491,84,INDEPENDANT,GUELADE DOUE GHISLAIN STANISLAS,756,8.0,False,16
492,84,RHDP,BOHOUO DEHOUROU MATHURIN,2702,28.59,True,16
493,85,INDEPENDANT,TALLY THIERRY HERMANE,3315,24.38,False,16
494,86,INDEPENDANT,DIET DAZAMIN ANGE LAURE,3315,24.38,False,16
495,88,INDEPENDANT,THE MANDE STEPHANE,156,1.34,False,17
496,88,PDCI-RDA,GUI-DIBO DESIRE MAGLOIRE GNOMBLEHI,1183,10.17,False,17
497,88,RHDP,DOUMBIA IBRAHIMA,8300,71.34,True,17
498,88,INDEPENDANT,KONE BAKARY,1490,12.81,False,17
499,88,INDEPENDANT,MOUHON BOZON ELVIS DESTY,214,1.84,False,17
500,88,CODE,YOMI KAPEU,64,0.55,False,17
501,88,INDEPENDANT,TAE AUBIN,45,0.37,False,17
502,88,MGC,KAHAN ANGELINE,122,0.99,False,17
503,88,INDEPENDANT,GNONBLESSON PIERRE QUINTUS,23,0.19,False,17
504,88,PDCI-RDA,SOMDA FOVIN GEORGETTE EPOUSE GIELEN,3404,27.7,False,17
505,88,INDEPENDANT,GNAHE GOUSSE FRANCK,135,1.1,False,17
506,88,INDEPENDANT,TEHE FLORE BENEDICTE,50,0.41,False,17
507,88,INDEPENDANT,TOURE YACOUBA,654,5.32,False,17
508,88,ADCI,GNENE BASILE,226,1.84,False,17
509,88,AIRD,KAHE KPLOHOUROU ERIC VICTOR,566,4.61,False,17
510,88,RHDP,TOURE FLANIZARA,5608,45.63,True,17
511,88,FPI,TEHY MONSESTEMON BASILE,1329,10.81,False,17
512,88,PDCI-RDA,THE JASMIN ROGER,832,12.86,False,17
513,88,RHDP,OULLA GUELADET EPHREM PRIVAT,2709,41.86,True,17
514,88,INDEPENDANT,GNONKA ANGES,2814,43.48,True,17
515,88,INDEPENDANT,TIE FELICIEN SERGE-ALAIN,223,2.66,False,17
516,88,INDEPENDANT,BLEKAHI PHILIPPE,518,6.18,False,17
517,88,ADCI,KINDRAUD MIANTE ALIDA VERONIQUE,347,4.14,False,17
518,88,INDEPENDANT,MEAMBLY TIE EVARISTE EDOUARD,2551,30.43,False,17
519,88,INDEPENDANT,TROH KELASSON ADELPHE,817,9.75,False,17
520,88,INDEPENDANT,TIEPOHO DOHANEMON ALAIN,408,4.87,False,17
521,88,INDEPENDANT,SEHI GUEHI PATRICK,375,4.47,False,17
522,88,RHDP,SEA JEAN HONORE,3033,36.18,True,17
523,88,PPSD,TIEHI EMMANUEL,492,4.84,False,17
524,88,EDS,YOUTE WONSEBEO INNOCENT,1977,19.45,False,17
525,88,MGC,KPEYA MONHESSEA,380,3.74,False,17
526,88,INDEPENDANT,WOMBLEGNON EPSE LEMMENS JULIE,1402,13.79,False,17
527,88,INDEPENDANT,BEAT-SEKI SEANDJE ANGE,1488,14.64,False,17
528,88,ACI,BAH FERDINAND,193,1.9,False,17
529,88,RHDP,TAHOU THIERRY,3858,37.95,True,17
530,88,GP-PAIX,GBE GNIONTY ANGELESSE JACQUELIN,258,2.54,False,17
531,93,INDEPENDANT,KARIDIOULA SOULEYMANE,3946,37.19,False,18
532,93,RHDP,FOFANA BASSATIGUI,6542,61.65,True,18
533,94,INDEPENDANT,COULIBALY ABOUBAKARY,3373,20.25,False,18
534,94,INDEPENDANT,COULIBALY DROUGNAN MOHAMED,311,1.87,False,18
535,94,RHDP,KONATE IBRAHIM KALIL,12798,76.84,True,18
536,95,ADCI,KARIDIOULA N'IEHINAPARAN,555,4.89,False,18
537,95,INDEPENDANT,OUATTARA DOKOLO GERARD,2475,21.79,False,18
538,95,RHDP,COULIBALY AMADOU TIDIANE,7762,68.35,True,18
539,96,INDEPENDANT,COULIBALY SOULEYMANE,390,3.43,False,18
540,96,INDEPENDANT,TRAORE KARIME,5146,29.8,False,18
541,96,RHDP,CAMARA POGABAH THOMAS,11788,68.25,True,18
542,96,AIDE,PARE KATITCHO BINTUOU CATHERINE,66,0.38,False,18
543,97,RHDP,KONE CATHERINE,8915,71.47,True,18
544,97,PDCI-RDA,TOURE ISSOUF,590,4.73,False,18
545,98,RHDP,KONE TIEMOKO MEYLET,23329,99.93,True,18
546,99,INDEPENDANT,ALLIANCE POUR LA DEMOCRATIE ET LE DEVELOPPEMENT,3602,29.69,False,18
547,99,RHDP,"UNE COTE DIVOIRE EN PAIX, PROSPERE ET SOLIDAIRE",5873,48.41,True,18
548,99,PDCI-RDA,TOUS ENSEMBLE POUR LA CÔTE DIVOIRE,2512,20.7,False,18
549,100,INDEPENDANT,PRO COTE DIVOIRE POUR UN PARLEMENT DEFENSEUR DES POPULATIONS,412,1.53,False,18
550,100,INDEPENDANT,ENSEMBLE REALISONS,1035,3.83,False,18
551,100,INDEPENDANT,LESPOIR POLITIQUE DE DALOA,990,3.67,False,18
552,100,INDEPENDANT,EGALITE POUR LEQUILIBRE SOCIO-ECONOMIQUE,987,3.66,False,18
553,100,RHDP,"UNE COTE DIVOIRE EN PAIX,PROSPERE ET SOLIDAIRE",21340,79.06,True,18
554,100,INDEPENDANT,POUR NOUS CEST DALOA,1844,6.83,False,18
555,100,INDEPENDANT,JEUNESSE UNIE DE DALOA,120,0.44,False,18
556,101,INDEPENDANT,KIPRE STEPHANE AYMAR AUGUSTIN,5907,55.42,True,18
557,101,MGC,BIAHI FLORA ESTELLE DESIREE,21,0.2,False,18
558,101,PDCI-RDA,LIKANE-YAGUI JEAN,698,6.55,False,18
559,101,ADCI,TETIALY TETIALY ADOLPHE,34,0.32,False,18
560,101,RHDP,OUATTARA BAKARY,3511,32.94,False,18
561,102,INDEPENDANT,UNION DES JEUNES POUR LE DEVELOPPEMENT,264,2.01,False,18
562,102,RHDP,"UNE COTE DIVOIRE EN PAIX,PROSPERE ET SOLIDAIRE",5651,43.0,True,18
563,102,INDEPENDANT,EPI (ENSEMBLE POUR ISSIA),2451,18.65,False,18
564,102,INDEPENDANT,ENSEMBLE POUR LA CAUSE D'ISSIA,954,7.26,False,18
565,102,INDEPENDANT,TOUS UNIS POUR ISSIA,3691,28.09,False,18
566,103,INDEPENDANT,GOKOU YODE PATRICK,1793,29.58,False,19
567,103,INDEPENDANT,SERY GBOHUIE RICHARD,308,5.08,False,19
568,103,INDEPENDANT,LAGO DONWAHI CHARLES,133,2.19,False,19
569,103,MNRP,LOUOBA MICHAEL,727,11.99,False,19
570,103,RHDP,TRAORE DOTEME,1950,32.17,True,19
571,103,INDEPENDANT,PALLE PALLIE ISIDORE,91,1.5,False,19
572,103,GP-PAIX,KOUAKOU KOFFI,44,0.73,False,19
573,103,INDEPENDANT,YOBOUET KOUAKOU DEUDONNE,49,0.81,False,19
574,103,PDCI-RDA,DIBAHI DODO AMEDEE,891,14.7,False,19
575,103,CODE,SERI LANDRY,342,2.59,False,19
576,103,INDEPENDANT,SOKORA SOKORA ARMAMD,216,1.64,False,19
577,103,RHDP,LOKPO BRAHIMA,9209,69.82,True,19
578,104,INDEPENDANT,YOKOZO MARINA ANGELE,76,0.58,False,19
579,104,MGC,MADI BOUABRE,258,1.96,False,19
580,104,PDCI-RDA,DJEDJE MADY ALPHONSE,2926,22.19,False,19
581,104,INDEPENDANT,VAVOUA ENSEMBCBLE CEST POSSIBLE,2990,24.81,False,19
582,104,INDEPENDANT,ENSEMBLE POUR LE DEVELOPPEMENT,205,1.7,False,19
583,104,RHDP,"UNE COTE DIVOIRE EN PAIX, PROSPERE ET SOLIDAIRE",4576,37.97,True,19
584,105,INDEPENDANT,LE CHANGEMENT CEST MAINTENANT,324,2.69,False,19
585,105,INDEPENDANT,"VAVOUA, JEUNESSE DEBOUT",297,2.46,False,19
586,105,INDEPENDANT,ENSEMBLE POUR LA RELEVE,58,0.48,False,19
587,105,INDEPENDANT,VAVOUA LE CHANGEMENT CEST MAINTENANT,115,0.95,False,19
588,105,INDEPENDANT,UN NOUVEAU DEPART,65,0.54,False,19
589,105,PDCI-RDA,TOUS ENSEMBLE POUR LA COTE DIVOIRE,2993,24.84,False,19
590,105,INDEPENDANT,KOUAME KOUADIO ANDERSON,1090,21.19,False,19
591,105,INDEPENDANT,NGUESSAN KOUAKOU SALOMON,59,1.15,False,19
592,105,INDEPENDANT,SERY SOKO,310,6.03,False,19
593,106,RHDP,VEDEA BLIKAN ELISABETH,2374,46.14,True,19
594,106,INDEPENDANT,GBEDEGNE NADJE HUGUES,173,3.36,False,19
595,106,INDEPENDANT,BERTE NADO AMARA,57,1.11,False,19
596,106,PDCI-RDA,TAPE TOUAPLI,975,18.95,False,19
597,107,RHDP,TRA BI SUI GUILLAUME,3312,66.36,True,20
598,107,INDEPENDANT,OUIGNAN MARTIN,1416,28.37,False,20
599,107,INDEPENDANT,KOUASSI BROU GAUTHIER,175,3.51,False,20
600,108,FPP, BAMBA KALIFA,37,0.47,False,20
601,108,RHDP,DOH DIBAHI MARCELLIN,4276,54.19,True,20
602,108,INDEPENDANT,TETEA ZAMOSSE LEONARD,357,4.52,False,20
603,108,PDCI-RDA,GOZE SEPEL BERNARD,3136,39.74,False,20
604,109,GP-PAIX,KONAN KOUAKOU,98,1.32,False,20
605,109,PDCI-RDA,YAO N'GUESSAN JUSTIN INNOCENT,4346,58.51,True,20
606,109,INDEPENDANT,KOUAKOU KOUADIO JEAN-ARSENE,709,9.54,False,20
607,109,RHDP,KOUAKOU KOUADIO HUBERT,2173,29.25,False,20
608,110,PDCI-RDA,KOUASSI TEOPHILE,5997,56.67,True,20
609,110,INDEPENDANT,TRAORE ABOU,658,6.31,False,20
610,110,INDEPENDANT,KOUAME KOUASSI BENSON,437,4.19,False,20
611,111,PDCI-RDA,N'DOUFOU KOUASSI RICHARD,1753,32.93,True,20
612,111,INDEPENDANT,KOA MORO JEAN-BAPTISTE,765,14.37,False,20
613,111,INDEPENDANT,EKRA KOFFI JEAN-JACQUES,1590,29.86,False,20
614,111,RHDP,KOFFI KONIEN MOISE,1163,21.84,False,20
615,112,INDEPENDANT,TRAORE AHMED PARFAIT,4697,33.18,True,20
616,112,PDCI-RDA,KOUAME TIALY HONORE,2516,17.77,False,20
617,112,INDEPENDANT,KOUAME KOUADIO JEAN JACQUES,168,1.19,False,20
618,112,INDEPENDANT,KOUAKOU KOUADIO,3004,21.22,False,20
619,112,RHDP,OUATTARA BAKARY,1074,7.59,False,20
620,113,PDCI-RDA,ADI KOUAME ISAC,6704,44.41,False,20
621,113,INDEPENDANT,DRAMANE KOUAKOU AMADOU,278,1.84,False,20
622,113,RHDP,KOUASSI KOUASSI JEAN CLAUDE,7888,52.26,True,20
623,114,RHDP,BAH ABDOULAYE,5872,50.33,True,20
624,114,INDEPENDANT,FOFANA ABDOUL KARIM,76,0.65,False,20
625,114,PDCI-RDA,BREDOU BREDOU ATHANASE,3626,31.08,False,20
626,115,RHDP,"UNE CÔTE D'IVOIRE EN PAIX, PROSPÈRE ET SOLIDAIRE",17921,82.26,True,20
627,115,PDCI-RDA,TOUS ENSEMBLE POUR LA CÔTE D'IVOIRE,3760,17.26,False,20
628,116,INDEPENDANT,KOUAME BELLEBA MYRILAM ASHELEY,51,0.45,False,21
629,116,INDEPENDANT,ASSEMIAN EPSE TAHI AKISSI MARIE-PAUL,32,0.28,False,21
630,116,RHDP,FOFANA SIANDOU,5744,51.09,True,21
631,116,INDEPENDANT,BEUGRE KOFFI BOAFFE BRICE CYRILE,122,1.08,False,21
632,116,PDCI-RDA,MANDODJA MBIA ROGER,5226,46.45,False,21
633,117,INDEPENDANT,BARRY SOULEYMANE,54,0.7,False,21
634,117,INDEPENDANT,KAMBIRE SIE,68,0.89,False,21
635,117,RHDP,ABOULAYE NANGO,3308,43.19,True,21
636,117,INDEPENDANT,KOUAKOU ADOU LEON,1051,13.72,False,21
637,117,PDCI-RDA,AMANKOU JEAN MICHEL,3112,40.63,False,21
638,118,RHDP,TANO MANIZAN ETIENNE,1740,35.32,True,21
639,118,INDEPENDANT,ALIKO NCHO FRANCK ANGHUI,238,4.83,False,21
640,118,PDCI-RDA,BROU MIAN,1363,27.66,False,21
641,119,INDEPENDANT,FOFANA MAMADOU,2571,31.46,False,21
642,119,RHDP,KONE IBRAHIMA,5439,66.55,True,21
643,119,PDCI-RDA,KONE SEYDOU,59,0.72,False,21
644,120,RHDP,KONATE LADJI,7042,60.6,True,21
645,120,INDEPENDANT,FOFANA LASSANA,4430,38.12,False,21
646,121,INDEPENDANT,FAMBA MOUSSA,283,2.15,False,21
647,121,INDEPENDANT,KONE DAVID MEBRA,170,1.29,False,21
648,121,INDEPENDANT,TRAORE DRISSA,521,3.97,False,21
649,121,INDEPENDANT,TRAORE SOUALIHO,2018,15.36,False,21
650,121,INDEPENDANT,ISSOUF TRAORE,960,7.31,False,21
651,121,RHDP,DIARRA CEDRIC TIDIANE,9026,68.71,True,21
652,121,INDEPENDANT,SANOGO AMADOU,47,1.05,False,21
653,122,RHDP,DOUMBIA ALASSANE,1916,42.72,True,21
654,122,INDEPENDANT,VAKABA FOFANA,1914,42.68,False,21
655,122,INDEPENDANT,TRAORE ABDOULAYE,7,0.16,False,21
656,122,PDCI-RDA,DIAKITE BOUAKARY SIDIKI,112,2.5,False,21
657,123,RHDP,UNE COTE DIVOIRE EN PAIX PROSPERE ET SOLIDAIRE,32107,100.0,True,21
658,124,INDEPENDANT,SYLLA MARIAME,2160,12.77,False,22
659,124,INDEPENDANT,KONE BEN IDRISS,89,0.53,False,22
660,124,INDEPENDANT,DOUMBIA ALPHA,388,2.29,False,22
661,124,RHDP,DIABY LANCINE,11278,66.65,True,22
662,124,INDEPENDANT,KEITA ADAMA,2685,15.87,False,22
663,124,PDCI-RDA,VASSIRIKI DOUMBIA,169,1.0,False,22
664,141,INDEPENDANT,ASSY NCHO GUTY SERGE,84,0.96,False,22
665,141,INDEPENDANT,ATSE URBAIN,593,6.77,False,22
666,141,INDEPENDANT,BLE N'GUESSAN ALAIN CARLOS,430,4.91,False,22
667,141,INDEPENDANT,DIARRA CHEICK HAMMALAH,308,3.52,False,22
668,141,RHDP,ACHI PATRICK JEROME,7246,82.75,True,22
669,141,INDEPENDANT,EBY FOLY ANGE MARIS,53,0.61,False,22
670,142,INDEPENDANT,ASSI KANON JEAN SYLVESTRE,1755,17.46,False,22
671,142,INDEPENDANT,AMON NCHO KOUADIO PATRICK,911,9.06,False,22
672,142,INDEPENDANT,ASSY YAPO GHESLAIN,492,4.89,False,22
673,142,INDEPENDANT,YAPI YATTE ALPHONSE,848,8.44,False,22
674,142,INDEPENDANT,ASSEUHI AKA JULIEN SERGE,508,5.05,False,22
675,142,RHDP,YAPI N'CHO FLORENT,5019,49.93,True,22
676,142,INDEPENDANT,YAPI ADEPO FELIX,83,0.83,False,22
677,142,MGC,YAPI CLOTIDE OHOUDU,366,3.64,False,22
678,143,INDEPENDANT,ASSAMOI ODI ANGE MITTERAND BIENVENU,1351,11.19,False,22
679,143,RHDP,BOTCHI ASSI ABEL,8207,67.96,True,22
680,143,ADCI,KAKOU SEKA MARCEL SYLVESTRE,207,1.71,False,22
681,143,INDEPENDANT,ABENIN YAPO,1339,11.09,False,22
682,143,FPI,ASSI ROMEO,875,7.25,False,22
683,143,FNDR,BROU BEDA ROGER,934,13.95,False,22
684,143,INDEPENDANT,NGUESSAN-BECHIE PAUL,2686,40.13,False,22
685,144,ADCI,YAPO BEDA ARSENE DESIRE,133,1.99,False,22
686,144,INDEPENDANT,YAO AKA JAURES ROLAND STEPHANE,65,0.97,False,22
687,144,RHDP,ASSOI ASSI APPOLINAIRE,2855,42.66,True,22
688,145,INDEPENDANT,YAPO VALERIE-YOLANDE,1294,9.91,False,23
689,145,INDEPENDANT,ANON AGUIE CLOITAIRE,483,3.7,False,23
690,145,INDEPENDANT,KOISSY SECKA RENE NOEL FABRICE,130,1.0,False,23
691,145,INDEPENDANT,ASSEU ELOLO SIDONIE,3066,23.47,False,23
692,145,INDEPENDANT,KIMOU ACHY JOEL FABRICE,207,1.58,False,23
693,145,FPI,YAPO ATSE HERMANN NDDAH,499,3.82,False,23
694,145,RHDP,ASSI JEAN-LUC,6859,52.5,True,23
695,146,INDEPENDANT,KIMOU KOFFI FLORENT,440,3.37,False,23
696,146,INDEPENDANT,OSSIN YAPI SIMPLICE,3494,25.6,False,23
697,146,ADCI,AGUIE ABOA LAURENTINE,169,1.24,False,23
698,146,RHDP,NCHO NCHO CHRISTOPHE,6034,44.21,True,23
699,146,INDEPENDANT,ABOA HERMANN,1531,11.22,False,23
700,146,PDCI-RDA,DIALLO IBRAHIMA SORTY,1433,10.5,False,23
701,147,INDEPENDANT,AMON EDY JEAN-ERIC,2863,28.56,False,23
702,147,UFPD,ACAFOL BEKOIN,289,2.88,False,23
703,147,INDEPENDANT,ASSI NDIN THEODORE,2833,28.26,False,23
704,147,RHDP,ADEPO YAPO FRANCOIS,3962,39.52,True,23
705,125,RHDP,"UNE CÔTE DIVOIRE EN PAIX, PROSPÉRITÉ ET SOLIDAIRE",10432,74.9,True,23
706,125,PDCI-RDA,TOUS ENSEMBLE POUR LA CÔTE D'IVOIRE,2208,15.85,False,23
707,125,INDEPENDANT,DIAKITE ALAHASSANE,17141,62.34,True,23
708,126,RHDP,FAMOUSSA COULIBALY,8675,31.55,False,23
709,126,INDEPENDANT,BAMBA FATOU,71,0.26,False,23
710,126,INDEPENDANT,GNIGOU AYEREHONON GENEVIEVE MIMYELLE,129,0.47,False,23
711,126,INDEPENDANT,DJEGBI PRINCE HUSTER FRANCIS,41,0.15,False,23
712,126,INDEPENDANT,KONE MOUSSA,46,0.17,False,23
713,126,PDCI-RDA,AKOUN STEPHANE JOEL ANDREA,1253,4.56,False,23
714,126,INDEPENDANT,KONATE LAMINE,163,2.45,False,23
715,126,RHDP,DJA-BLE JOSEPH,3899,52.23,True,23
716,127,INDEPENDANT,KONATE LAMINE,183,2.45,False,23
717,127,EDS,DAGO KOUASSI AUGUSTE,16,0.21,False,23
718,127,INDEPENDANT,NDA YAO ALEXANDRE,285,3.82,False,23
719,127,INDEPENDANT,KOUASSI EPSE ABOURLAY TITRE MARIE-MADELEINE,109,1.46,False,23
720,127,PDCI-RDA,NGUESSAN YAO SERGE,1897,25.41,False,23
721,127,INDEPENDANT,OUREGA AGNEZA KOUASSI LANDRY,726,9.73,False,23
722,127,INDEPENDANT,AMANE KOUASSI VINCENT,165,2.21,False,23
723,127,INDEPENDANT,KONAN KOUAME ABEL,97,1.3,False,23
724,128,MLPCI,TRAORE NAMORY,30,0.23,False,24
725,128,INDEPENDANT,KRAGBE BEHIBRO PHILIPPE MICHAEL,4959,37.38,False,24
726,128,RHDP,KOKO PATRICIA SYLVIE EPSE YAO,7622,57.45,True,24
727,128,PDCI-RDA,KOUAME KOUASSI INNOCENT,497,3.75,False,24
728,129,MGC,GNEBA NADINE MELANIE,4260,86.99,True,24
729,129,INDEPENDANT,LAGO DOUGROU DOMINIQUE,546,11.15,False,24
730,129,INDEPENDANT,YAO ASSABLI YAO,24,0.56,False,24
731,130,INDEPENDANT,BREUDJI HERMANN LANDRY,1155,26.74,False,24
732,130,RHDP,ABADI MIEZAN CHARLES,2758,63.84,True,24
733,130,INDEPENDANT,GNATTO BAHIE SEBASTIEN,14,0.32,False,24
734,130,PDCI-RDA,GAYE GNAFFOU DOGOLIE JEAN,311,7.2,False,24
735,130,INDEPENDANT,DAGO WAKOUBOU SAMUEL,1042,16.15,False,24
736,131,RHDP,MERHY SAMY,4166,64.58,True,24
737,131,EDS,AHIPEAUD AHIPEAUD JEAN-ANDRE,267,4.14,False,24
738,131,INDEPENDANT,DAGO KOUASSI JUSTIN AIME,298,4.62,False,24
739,131,PDCI-RDA,GUEBO DOUKOURE MARCEL,589,9.13,False,24
740,131,INDEPENDANT,KAMBOU SANSSAN SYLVIN,100,1.18,False,24
741,131,INDEPENDANT,KONE CHEVA ADAM MOHAMED,153,1.81,False,24
742,132,RHDP,KOUYATE ABDOULAYE,4455,52.57,True,24
743,132,INDEPENDANT,DALI ARTHUR PRINCE-RICHARD,1762,20.79,False,24
744,132,INDEPENDANT,GODI DADIE JUSTIN,289,3.41,False,24
745,132,PDCI-RDA,MAGOU MANDY CARMEN,754,8.9,False,24
746,132,INDEPENDANT,LAGO LAVRI SOLANGE EPSE KONE,891,10.51,False,24
747,133,INDEPENDANT,HOURA KOUASSI MARC,4392,41.41,False,25
748,133,INDEPENDANT,KOUADIO KOUADIO AURELIEN,499,4.7,False,25
749,133,RHDP,KOUASSI ALLOMO FLORE FAITAY,2522,23.78,False,25
750,133,INDEPENDANT,GOORE BI GOLE JEAN BAPTISTE,303,2.86,False,25
751,133,INDEPENDANT,KOFFI LOUKOU LEON,2703,25.49,False,25
752,133,INDEPENDANT,KAMAGATE MOUSSA EL FADHEL,131,1.1,False,25
753,133,INDEPENDANT,NDIA FREDERIK,556,4.66,False,25
754,133,INDEPENDANT,COWPPLI BONY AFFOUE ELISABETH,209,1.75,False,25
755,133,INDEPENDANT,TIE BI IRIE MODESTE,90,0.75,False,25
756,133,INDEPENDANT,DJE BI TOCHAN,254,2.13,False,25
757,133,INDEPENDANT,BLE BI BONAVENTURE,106,0.89,False,25
758,133,INDEPENDANT,QUATTARA IBRAHIM,146,1.22,False,25
759,134,RHDP,KONE ADAMA,6712,56.2,True,25
760,134,ADCI,TIBE BI NGUEESSAN MARCEL,190,1.59,False,25
761,134,INDEPENDANT,OUEDRAOGO AMIDOU,24,0.2,False,25
762,134,PDCI-RDA,KOFFI SERGES AZI,2511,21.02,False,25
763,134,INDEPENDANT,KONE ISSIAKA,924,7.74,False,25
764,135,RHDP,YACOUBA KONE,5653,65.43,True,25
765,135,INDEPENDANT,ZORO BI BALLO FRANCK,216,2.5,False,25
766,135,PDCI-RDA,TRAZIE BI GUEESSAN,2570,29.75,False,25
767,135,MGC,KOUAME BI BLI ROBERT,92,1.06,False,25
768,135,INDEPENDANT,KEITA ABDOULAYE,849,12.43,False,25
769,135,CNCI,KONAN BLE OSWALD ANATOLLE NKONYAN,477,6.99,False,25
770,135,INDEPENDANT,KOUAKOU KOUADIO PATRICE,284,4.16,False,25
771,135,INDEPENDANT,KOUAKOU MESMER BECANTY,1026,15.03,False,25
772,135,INDEPENDANT,KOUADIO ATOBE JACOB ANDERSON,388,5.68,False,25
773,135,INDEPENDANT,YAO AFFOUE MARINA,236,3.46,False,25
774,135,INDEPENDANT,KOUASSI BI KOUASSI GUILLAUME,135,1.98,False,25
775,136,RHDP,BEMA COULIBALY,2402,35.18,True,25
776,136,INDEPENDANT,CAHIE KAKOU GUY JOEL,17,0.25,False,25
777,136,INDEPENDANT,KOFFI AHOU MICHELE DEBORAH KOUADIO,64,0.94,False,25
778,136,INDEPENDANT,OUADI NDRI LOU YALOU RACHELLE,353,5.17,False,25
779,136,INDEPENDANT,TOUVOLI BI KOUADIO MARTIAL,54,0.79,False,25
780,136,PDCI-RDA,GAULLY SAHOUA ANTOINE SYLVAIN PEPIN,484,7.09,False,25
781,137,INDEPENDANT,MA BI MONOUIN STEPHANE DE-DEN,1023,7.15,False,26
782,137,RHDP,SATI LOU GOLENAN MADELEINE EPSE TOUVOLI,7447,52.08,True,26
783,137,INDEPENDANT,SEYBOU DIARRA,154,1.08,False,26
784,137,INDEPENDANT,KOFFI YAO APPOLINAIRE,173,1.21,False,26
785,137,INDEPENDANT,BOTTY BI NENDRO SERGE,2913,20.37,False,26
786,137,INDEPENDANT,KONE NGOLO LASSINA KONE,123,0.86,False,26
787,137,INDEPENDANT,YEO SOULEYMANE OUATTARA,313,2.19,False,26
788,137,INDEPENDANT,KOUVATE SANAKRO,741,5.18,False,26
789,137,GP-PAIX,SERY BI BOLY EMMANUEL,95,0.66,False,26
790,137,CODE,BOTTY KOMON ALEXIS,97,0.68,False,26
791,137,PDCI-RDA,TCUEL BI LAHORE GHISLAIN,910,6.36,False,26
792,137,INDEPENDANT,GOORE BI GNAMIEN WILLY TAUNIN,205,1.43,False,26
793,137,UDP,GBAMENIN BI TRA,1209,17.98,False,26
794,137,INDEPENDANT,DJE BI GOHAI AUDRIC-LANDRY,1055,15.69,False,26
795,137,INDEPENDANT,DJE EPSE TIE BILLOU TRA,214,3.18,False,26
796,138,INDEPENDANT,YOUAN BI TRAZIE BERTRAND ATHANASE,761,11.31,False,26
797,138,RHDP,ZAMBLE NAYA NAOMI JARVIS,3037,45.15,True,26
798,138,ADCI,IRIE BI ZOU FULBERT,13,0.19,False,26
799,138,PDCI-RDA,DJE BI SAMEDI BERNARD ZEHOU,138,2.05,False,26
800,138,MGC,IRIE B I IRIE AMBROISE,67,1.0,False,26
801,138,INDEPENDANT,DIDI BI TRA SYLVAIN,138,2.05,False,26
802,138,UDP,DJIE BI GOHI AUDRIC LANDRY,1055,15.69,False,26
803,138,INDEPENDANT,DJE EPSE TIE BILLOU TRA,214,3.18,False,26
804,139,INDEPENDANT,SEHI BI KOE ALPHONSE,2210,28.71,True,26
805,139,RHDP,DJO BI MIZAN HONORE DES AMIS,1720,22.34,False,26
806,139,INDEPENDANT,ZABI ZAN MARCEL PAGNOL,322,4.18,False,26
807,139,INDEPENDANT,VAMI BI NENE JOSEPH,1841,23.91,False,26
808,139,INDEPENDANT,YOUAN BI TRA JEAN-CLAUDE,878,11.4,False,26
809,139,ADCI,ZOHOU BI NENON HONORE,223,2.9,False,26
810,139,INDEPENDANT,IRIE BI ZORO SAMUEL,178,2.31,False,26
811,139,CODE,TRA BI CA PAUL,51,0.66,False,26
812,139,INDEPENDANT,SIKA BI BOLOU BERENGER,114,1.48,False,26
813,140,INDEPENDANT,DJE-BI-DJE OLIVIER VAMY,1462,28.03,False,27
814,140,INDEPENDANT,BOUE BIRIE MARCELIN,73,1.4,False,27
815,140,CODE,KAHOU BI KALOU ROMEO,4,0.08,False,27
816,140,INDEPENDANT,TAI BI TIE EVARISTE,9,0.17,False,27
817,140,RHDP,SOULEYMANE KONE,1891,36.25,True,27
818,140,INDEPENDANT,KARAMOKO GAHOUSSOU,284,5.44,False,27
819,140,INDEPENDANT,DIALLO HABIB PEGAGTHEN,766,14.69,False,27
820,140,INDEPENDANT,TOURE KALPI GISALLE,674,12.92,False,27
821,140,INDEPENDANT,BEKOIR EHORODOU JORIS BENJAMIN,244,4.68,False,27
822,154,INDEPENDANT,KOUADIO KOUAKOU JULIEN,178,1.31,False,27
823,154,PDCI-RDA,KWABENA KOUSSI STEPHANE,3419,25.16,False,27
824,154,RHDP,N'GUESSAN AHONDONJOU,9625,70.83,True,27
825,154,INDEPENDANT,AKA BONI MARC,1152,8.48,False,27
826,154,INDEPENDANT,HAMIAN OI HAMIAN ETIENNE,76,0.56,False,27
827,154,INDEPENDANT,KOUAME NGUADAH GEORGES,177,1.3,False,27
828,157,RHDP,ASSOGBA JACOB AMOIN,2933,41.98,True,27
829,157,INDEPENDANT,ETTIE AKA JEAN-CHARLES,51,0.73,False,27
830,157,INDEPENDANT,AKESSE TEHIA EMILIENNE,72,1.03,False,27
831,157,ADCI,EHUI ASSOUO BENITO,30,0.43,False,27
832,157,INDEPENDANT,GOLI TINAN ESTELLE AURELIE,624,8.93,False,27
833,157,FPI,KASSI PASCAL TANO,965,13.81,False,27
834,157,PDCI-RDA,KABLAN ANZIAN ANDRE,852,12.2,False,27
835,157,INDEPENDANT,KOUAME MESMIN KOMOE,2214,31.7,False,27
836,157,INDEPENDANT,EHoussou MELISSA SOMA FLORA,472,6.76,False,27
837,157,INDEPENDANT,ETILE ABOH FREDERIC,63,0.9,False,27
838,157,INDEPENDANT,TEHoua KISSI THEOPHILE,100,1.43,False,27
839,158,RHDP,FETE ANE BENJAMIN,2218,22.24,False,27
840,158,INDEPENDANT,AMOA EBY ANICET,824,8.26,False,27
841,158,INDEPENDANT,Koua CHARLES-PHILIPPS KINIMO,327,3.28,False,27
842,158,ADCI,BOSSON BROU KOUOUSSA EVARISTE,249,2.5,False,27
843,158,FPI,DIBY KOKORA BOADY BERNARD,3093,31.01,True,27
844,158,INDEPENDANT,AHONON ROMEO RAOUL ANE,60,0.6,False,27
845,158,INDEPENDANT,KASSI KOUAME JEAN-BAPTISTE,245,2.46,False,27
846,161,RHDP,KOUJAKOU DAPA YAO KOSSONOU MARCELLIN,2862,35.53,False,28
847,161,ADCI,AKA N'ZI SEVERIN,121,1.5,False,28
848,161,FPI,KOUAME KONGO GREGROIRE,1265,15.7,False,28
849,161,INDEPENDANT,NIAMIAN NYGUEESSAN RAOUL THIBAUT,732,9.09,False,28
850,161,PDCI-RDA,AKA DESQUITH AMBROISE,2995,37.18,True,28
851,162,INDEPENDANT,KANGA KACOU ANTOINE,3346,35.89,True,28
852,162,UDCY,KOUADIO DOUCA MARCELLIN,67,0.72,False,28
853,162,RHDP,NIAMIAN KOKOLO JEAN-PIERRE,2604,27.93,False,28
854,162,INDEPENDANT,COULIBALY ABIBA EPSE COULIBALY,56,0.6,False,28
855,162,INDEPENDANT,MOREAU KABLAN BILE CHARLES ARMEL,223,2.39,False,28
856,162,ADCI,KOUAME DJA ESSAN FRANCOIS,361,3.87,False,28
857,162,INDEPENDANT,KOUAME TIEMELE,72,0.77,False,28
858,162,PDCI-RDA,AKA AMANAN VERONIQUE,2536,27.2,False,28
859,148,INDEPENDANT,KOFFI DJAH DANIEL,105,1.96,False,28
860,148,INDEPENDANT,SALIA BLE SOLANGE,117,2.18,False,28
861,148,INDEPENDANT,BONI TANO N'GUESSAN NOELLE MARIE EPOUSE EKPONON,1337,24.93,False,28
862,148,GP-PAIX,KANGAH AMANI SERGE,174,3.25,False,28
863,148,RHDP,ZEKRE ZADI CHRIST-YVAN,1597,29.78,True,28
864,148,INDEPENDANT,DOUGU MARIE-NOELLE,1256,23.42,False,28
865,148,ADCI,KOUADIO KONAN CALVIN,57,1.06,False,28
866,148,PDCI-RDA,BLE SAILLY FELIX,669,12.48,False,28
867,149,RHDP,"UNE COTE DIVOIRE EN PAIX, PROSPERE ET SOLIDAIRE",2911,44.59,False,28
868,149,PDCI-RDA,TOUS ENSEMBLE POUR LA CÔTE DIVOIRE,3448,52.81,True,28
869,149,INDEPENDANT,"POUR LE DEVELOPPEMENT DE BUYO, JE VOTE UTILE",71,1.09,False,28
870,150,INDEPENDANT,ENSEMBLE POUR MEAGUI,2286,18.59,False,28
871,150,RHDP,"UNE COTE DIVOIRE EN PAIX, PROSPERE ET SOLIDAIRE",2877,23.4,False,28
872,150,PDCI-RDA,TOUS ENSEMBLE POUR LA CÔTE DIVOIRE,6881,55.96,True,28
873,150,INDEPENDANT,CITOYEN ENGAGE POUR LE PEUPLE,117,0.95,False,28
874,150,INDEPENDANT,SAYERE MARTIAL OUPH,1006,16.92,False,28
875,150,INDEPENDANT,SAHIFO ALIGBA ARNAUD,432,7.27,False,28
876,150,INDEPENDANT,DJEDJE MADOU JOEL,199,3.35,False,28
877,151,RHDP,ZAKO OUPO ESAIE,1559,26.22,False,28
878,151,INDEPENDANT,DODORENAUD MARCEL ANDREA,171,2.88,False,28
879,151,INDEPENDANT,SERI HORTENSE EMMA,619,10.41,False,28
880,151,PDCI-RDA,GODO YOKORE BERNARD,1886,31.72,True,28
881,151,INDEPENDANT,SERY KOBOU FABRICE,25,0.42,False,28
882,152,INDEPENDANT,KOUADIO GBOGBO ERIC,430,4.84,False,29
883,152,RHDP,KONE DOSSOUGUI,3130,35.26,True,29
884,152,INDEPENDANT,BONI NGUESAN PLACIDE -STEPHANE,165,1.86,False,29
885,152,INDEPENDANT,GBAH DJOUA LUC,1211,13.64,False,29
886,152,INDEPENDANT,ADOU LANDRY JEAN-FRANCOIS,182,2.05,False,29
887,152,PDCI-RDA,KOUADIA BEDI NOEL-OLIVIER,2457,27.68,False,29
888,152,INDEPENDANT,ZADI ZADI PATRICK ANDERSON,1184,13.34,False,29
889,152,INDEPENDANT,COULIBALY SEKOU,706,7.89,False,29
890,152,INDEPENDANT,ZIRIGNON SEKOU LIGNON,1341,14.99,False,29
891,152,INDEPENDANT,KOFFI KOUADIO OBED,87,0.97,False,29
892,152,INDEPENDANT,KOUADIO KONAN KANI JULIEN,20,0.22,False,29
893,152,RHDP,SANGARE MOUSSA,4103,45.87,True,29
894,153,RHDP,KONE MAMADOU,85,0.95,False,29
895,153,PDCI-RDA,DABA DAGNOGO,2524,28.22,False,29
896,153,INDEPENDANT,BOCANDA CEST CHEZ NOUS,2548,14.6,False,29
897,153,INDEPENDANT,GENERATION UNIE ET SOLIDAIRE,752,4.31,False,29
898,153,CNDCI,COHESION-JUSTICE-DEVELOPPEMENT,404,2.32,False,29
899,153,RHDP,"UNE CÔTE DIVOIRE EN PAIX, PROSPERE ET SOLIDAIRE",5608,32.14,False,29
900,153,PDCI-RDA,TOUS ENSEMBLE POUR LA CÔTE DIVOIRE,7887,45.2,True,29
901,155,INDEPENDANT,KOUAKOU KOUADIO JOSEPH,1128,6.46,False,29
902,155,INDEPENDANT,KOFFI AMANI FERDINAND,256,1.46,False,29
903,155,RHDP,KOUASSI KOUASSIKRO NARCISSE,2116,12.13,True,29
904,155,INDEPENDANT,KANGAH KONAN DENIS,35,0.2,False,29
905,155,INDEPENDANT,YAPO BERTHE TATIANA,227,1.3,False,29
906,155,PDCI-RDA,YAO KOFFI JEAN PAUL,1260,7.22,False,29
907,155,INDEPENDANT,NGUESAN JOLIANE CLAIRE EPOUSE KOUAKOU,117,0.67,False,29
908,156,INDEPENDANT,ALLOU CHRISTOPHE NGORAN,1304,25.62,False,29
909,156,PIA/CODE,KOUADIO KOUASSI MARIUS,35,0.69,False,29
910,156,INDEPENDANT,KOUAME KOUADIO GERARD,161,3.16,False,29
911,156,PDCI-RDA,LANGUI KOUADIO MARC,2178,38.3,True,29
912,156,INDEPENDANT,NZI YANN-GABRIEL DIBY,405,7.96,False,29
913,156,INDEPENDANT,DJHA JEAN PARNELL,157,3.08,False,29
914,156,INDEPENDANT,AKA AKESSE KOUADIO VINCENT,231,4.54,False,29
915,156,RHDP,COULIBALY ADAMA,6793,66.84,True,29
916,156,PDCI-RDA,KONAN KOUAKOU RENE,2513,24.73,False,29
917,159,INDEPENDANT,KOFFI EUGENE,1838,32.33,False,29
918,160,,,,,False,29
919,163,RHDP,COULIBALY ISSA,6287,45.71,True,30
920,163,INDEPENDANT,BAKAYOKO DAOUDOU TENEMANGAN,3849,27.99,False,30
921,163,INDEPENDANT,SORO KADOGNON CHARLES,243,1.77,False,30
922,163,INDEPENDANT,AMINATA OUATTARA,3011,21.89,False,30
923,164,INDEPENDANT,SORO NGO.LOGONINHE MAMADOU,7806,39.27,False,30
924,164,RHDP,COULIBALY ALI KADER,11349,57.1,True,30
925,164,INDEPENDANT,DIABATE HAMIDOU,82,0.41,False,30
926,165,INDEPENDANT,SORO ZANA,4605,40.09,False,30
927,165,RHDP,SORO FOBEH,6656,57.95,True,30
928,166,INDEPENDANT,YEO YALLAMISSA,497,6.38,False,30
929,166,INDEPENDANT,COULIBALY DIEUDONNE NANGA,3022,38.79,False,30
930,166,RHDP, BAMBA KASSOUM,4092,52.53,True,30
931,167,RHDP,TUO SERIBA,6484,58.22,True,30
932,167,INDEPENDANT,OUATTARA ADAMA BEMITIAN,4535,40.72,False,30
933,168,INDEPENDANT,SILUE NANZOUA PATRICHE,2868,23.12,False,30
934,168,INDEPENDANT,SIRIKI SEKONGO PELEMON,2109,17.0,False,30
935,168,RHDP,SORO KANIGUI MAMADOU,7092,57.17,True,30
936,169,INDEPENDANT,SORO SETIENGOLO,1568,16.96,False,30
937,169,RHDP,SOULEYMANE SILUE,4544,49.16,True,30
938,170,INDEPENDANT,SORO PENATRGUE,2983,32.06,False,30
939,170,RHDP,AMADOU COULIBALY,32981,100.0,True,30
940,171,RHDP,UNE COTE D'IVOIRE EN PAIX PROSPERE ET SOLIDAIRE,141884,99.92,True,30
941,172,INDEPENDANT,JEUNESSE NOUVELLE VISION,2058,6.97,False,30
942,172,INDEPENDANT,LA VOIX DU PAYSAN POUR UN AVENIR MEILLEUR,415,1.4,False,30
943,172,RHDP,SARASSORO GBOROTON FIDELE,29514,99.96,True,30
944,173,INDEPENDANT,UNIS AUTOUR DUNE VISION NOUVELLE DE DEVELOPPEMENT,295,2.73,False,30
945,173,INDEPENDANT,ENSEMBLE POUR LE DEVELOPPEMENT DE GABIADJI DOBA,545,5.04,False,30
946,173,CODE,ENSEMBLE OSONS LE CHANGEMENT,189,1.75,False,30
947,173,PDCI-RDA,TOUS ENSEMBLE POUR LA COTE DIVOIRE,3129,28.94,False,30
948,174,INDEPENDANT,BOGA TOILY,369,4.96,False,30
949,174,RHDP,KONAN KOUAME ARMAND,4970,66.8,True,30
950,174,PDCI-RDA,GNEPO TAKOUO VINCENT CHARLES,1713,23.02,False,30
951,174,INDEPENDANT,YAO KOUAME BOB,339,4.56,False,30
952,175,INDEPENDANT,"SAN-PEDRO, VISION NOUVELLE",870,3.58,False,31
953,175,INDEPENDANT,VISION NOUVELLE,180,0.74,False,31
954,175,INDEPENDANT,DEVELOPPEMENT-ESPOIR-PAIX,3813,15.69,False,31
955,175,RHDP,"UNE COTE DIVOIRE EN PAIX, PROSPERE ET SOLIDAIRE",12719,52.33,True,31
956,175,INDEPENDANT,PAIX ET COHESION SOCIALE,3931,16.17,False,31
957,175,INDEPENDANT,JEUNESSE ENGAGEE NATION TRANSFORMEE,282,1.16,False,31
958,175,INDEPENDANT,ENSEMBLE SAUVONS SAN-PERO,411,1.69,False,31
959,175,CODE,"ENSEMBLE, OSONS LE CHANGEMENT",166,0.68,False,31
960,175,PDCI-RDA,TOUS ENSEMBLE POUR LA COTE DIVOIRE,1786,7.35,False,31
961,175,RHDP,KLAIBE TCHIBIO JULIEN,3173,40.79,False,31
962,175,INDEPENDANT,SABOA KOFFI EDMOND,535,6.88,False,31
963,175,INDEPENDANT,BAROU AFEULA ANDREA SISSIE,69,0.89,False,31
964,176,INDEPENDANT,GNEP A HOTOH DANIEL SEVERIN,305,1.89,False,31
965,176,FPI,HINE DADIE MARIUS,93,1.2,False,31
966,176,PDCI-RDA,GNEP A IROKO JOSEPH,3680,47.31,True,31
967,177,INDEPENDANT,GNEP A DOUBOYOU ALASSANE,367,8.41,False,31
968,177,RHDP,COULIBALY YAYA,2473,56.66,True,31
969,177,INDEPENDANT,OUELLE IRIKA FRANCIS,727,16.66,False,31
970,177,PDCI-RDA,EBINI WILLIAMS TANOH,742,17.0,False,31
971,178,INDEPENDANT,MAGLOIRE KOUAO ANOMAN,125,1.14,False,31
972,178,INDEPENDANT,AKA EDJOLOEHI ETIENNE,368,3.37,False,31
973,178,RHDP,CISSE ABOUBAKARI,4554,41.7,False,31
974,178,INDEPENDANT,BANGA LOUIS PHILIPPE ARTHUR,788,7.21,False,31
975,178,PDCI-RDA,N'GOUAN JEREMIE ALFRED,5038,46.13,True,31
976,179,RHDP,AKA AGOUELE,11268,66.42,True,31
977,179,INDEPENDANT,ELIDJE ANGORA,4799,28.29,False,31
978,179,INDEPENDANT,MIEZAN AKATCHI ROGER,164,0.97,False,31
979,179,PDCI-RDA,NZALASSE OUANDA FRANCIS,636,3.75,False,31
980,180,INDEPENDANT,NGUEESSAN AKA BLEDOU FIDELE,177,2.15,False,31
981,180,INDEPENDANT,ELLOGNE EBA KOUTOUA SEVERIN CHRISTIAN,1895,23.01,False,31
982,180,RHDP,KAKOU BROU,3651,44.34,True,31
983,180,PDCI-RDA,AMAN MEHAD DOMINIQUE,2460,29.88,False,31
984,181,RHDP,SIE HIEN,8047,57.95,True,31
985,181,INDEPENDANT,ADJE AIME,5195,37.41,False,31
986,181,INDEPENDANT,BAKILIS MASODA DONALD,32,0.23,False,31
987,181,PDCI-RDA,KASSI EDGARD ELOH,432,3.11,False,31
988,181,MGC,KAKOU FOBA ANTOINE,133,0.96,False,31
989,182,INDEPENDANT,MIESSAN DANIEL,1599,12.85,False,32
990,182,RHDP,TRAORE ABDOUL AZIZ,2018,16.22,False,32
991,182,ADCI,BOKA ANOUMAN ANGE MICHEL,171,1.37,False,32
992,182,EDS,ECRA ELIDJE JOSEPH,709,5.7,False,32
993,182,INDEPENDANT,AYEMOU ABLI PATRICE,220,1.77,False,32
994,182,PDCI-RDA,KOUA MAMAN CECILE EPOUSE ADJE,5893,47.38,True,32
995,183,INDEPENDANT,DA GUY RICHARD,594,6.11,False,32
996,183,INDEPENDANT,SYLLA IBRAHIM,239,2.46,False,32
997,183,INDEPENDANT,BONI KOFFI MICHEL,164,1.69,False,32
998,183,RHDP,COULIBALY SERIBA,5036,51.83,True,32
999,183,INDEPENDANT,YAO RENE KOUAKOU,98,1.01,False,32
1000,183,INDEPENDANT,LOUA NYELEKE FELIX,774,7.97,False,32
1001,183,PDCI-RDA - EDS,OUEGNIN GEORGES ARMAND ALEXIS,2719,27.98,False,32
1002,184,RHDP,BAKARY KAMARA,2933,37.9,False,32
1003,184,INDEPENDANT,SANGARE ISSA,3360,43.42,True,32
1004,184,INDEPENDANT,ANDI ADGOUALOU ROLAND,740,9.56,False,32
1005,184,INDEPENDANT,KONATE SEYDOU,522,6.75,False,32
1006,184,INDEPENDANT,DONGO ABDOUL FATADOU,103,1.33,False,32
1007,184,ADCI,SOBO ELIAMON NHINZAN,39,0.5,False,32
1008,185,RHDP,"UNE COTE DIVOIRE EN PAIX,PROSPERE ET SOLIDAIRE",23614,99.95,True,32
1009,186,INDEPENDANT,SANOGO MASSAMPIEWORO SEYDOU,1781,14.32,False,32
1010,186,RHDP,KONE LASSINA,10575,85.04,True,32
1011,187,RHDP,SILUE GNENEYERI JACQUES,26343,99.69,True,32
1012,188,RHDP,SANOGO MAMADOU,40406,99.79,True,32
1013,189,RHDP,TRAORE DRISSA,19046,99.27,True,32
1014,189,INDEPENDANT,GBOGBO KANDO,1401,7.3,False,32
1015,190,RHDP,GUEI SINGA MIREILLE CHANTAL,11734,79.84,True,32
1016,190,PDCI-RDA,SOUMAHORO DJENEBA,1412,9.61,False,32
1017,191,RHDP,WOI MELA GASTON AIME,3693,50.24,True,32
1018,191,INDEPENDANT,GUEI SONGUY NDONKA EVRARD,415,5.65,False,32
1019,191,INDEPENDANT,DRO BAUDOUIN WILFRED,2276,30.97,False,32
1020,191,INDEPENDANT,VEHI ALPHONSE,119,1.62,False,32
1021,191,FPI,GOUE JULES,467,6.35,False,32
1022,191,INDEPENDANT,BLE HUYO KANO,182,2.48,False,32
1023,191,INDEPENDANT,ZOH ZRANWE JEAN YVES,104,1.41,False,32
1024,192,INDEPENDANT,DIOMANDE DRO JOEL,1865,28.67,True,33
1025,192,INDEPENDANT,KEITA ADAMA,690,10.61,False,33
1026,192,INDEPENDANT,DIOMANDE JEAN-LOUTY,1570,24.14,False,33
1027,192,RHDP,TOKPA MANINGA,1667,25.63,False,33
1028,192,INDEPENDANT,SOPOUDEU ONGNEU SOLANGE,118,1.81,False,33
1029,192,INDEPENDANT,LOTRO SABIAN VALLEY MINSOU,311,4.78,False,33
1030,192,INDEPENDANT,YORO LOUTY REBECCA,195,3.0,False,33
1031,192,INDEPENDANT,AGIR ENSEMBLE POUR LE NIMBA,6685,37.38,True,33
1032,193,INDEPENDANT,TRAVAILLONS POUR BATIR DANANE,721,4.03,False,33
1033,193,INDEPENDANT,ACTION SOLIDARITE POUR DANANE,729,4.08,False,33
1034,193,INDEPENDANT,ENSEMBLE POUR LE DEVELOPPEMENT DE DANANE,2283,12.77,False,33
1035,193,RHDP,"UNE COTE DIVOIRE EN PAIK, PROSPERE ET SOLIDAIRE",5597,31.3,False,33
1036,193,INDEPENDANT,LA JEUNESSE DEBOUT POUR LE DEVELOPPEMENT,672,3.76,False,33
1037,193,INDEPENDANT,AIDONS NOS PARENTS,108,0.6,False,33
1038,193,PDCI-RDA,TOUS ENSEMBLE POUR LA COTE DIVOIRE,882,4.93,False,33
1039,194,INDEPENDANT,TOGON OULEI PIERRE,1664,20.48,False,33
1040,194,INDEPENDANT,TIA GOUET BLAIS,340,4.18,False,33
1041,194,INDEPENDANT,GOUET CHARLEMAGNE,1387,17.07,False,33
1042,194,INDEPENDANT,GOMUN DOH EMILE CHARLES LEA,1295,15.94,False,33
1043,194,RHDP,KEGBAN KEGBAN BERNARD,3138,38.62,True,33
1044,194,INDEPENDANT,TIA SEUNA ANGELINE,68,0.84,False,33
1045,194,INDEPENDANT,DOUMBOUYA MOUHAMED,90,1.11,False,33
1046,194,INDEPENDANT,SREU ZOTAHON CYPRIEN,36,0.44,False,33
1047,194,INDEPENDANT,SADIA KOUI SALOMON,516,6.46,False,33
1048,194,INDEPENDANT,DION NESTOR,881,11.03,False,33
1049,194,INDEPENDANT,OUEHI FEH BIAYO GISELE EPSE KOFFI,2681,33.58,True,33
1050,195,INDEPENDANT,YAKE EVARISTE,570,7.14,False,33
1051,195,INDEPENDANT,HONGNIN EVARISTE,443,5.55,False,33
1052,195,RHDP,SERY PASCAL,2339,29.3,False,33
1053,195,INDEPENDANT,BLY SEMONDA GISELE,286,3.58,False,33
1054,195,INDEPENDANT,SIABA ANTOINE-CONSTANT,66,0.83,False,33
1055,195,PDCI-RDA,DAN GONSAN CHARLES VALENTINI,124,1.55,False,33
1056,196,INDEPENDANT,YAKE GONDO ALFRED,5002,29.43,False,34
1057,196,INDEPENDANT,BLEU SOLO MEXIMINE,457,2.69,False,34
1058,196,INDEPENDANT,MAHAN DETOH TIA ARMAD,772,4.54,False,34
1059,196,RHDP,DION REMI,5634,33.15,True,34
1060,196,INDEPENDANT,GOGBEU MAMADOU,455,2.68,False,34
1061,196,GP-PAIX,BONTA GOUE FERNAND,191,1.12,False,34
1062,196,MIRDEP,GUE LIAN VICTOR,179,1.05,False,34
1063,196,INDEPENDANT,MOMINE YAOUE ALEXIS,154,0.91,False,34
1064,196,FPI,SIA ANDRE,3909,23.0,False,34
1065,197,INDEPENDANT,ENSEMBLE POUR MAN,8117,36.97,False,34
1066,197,INDEPENDANT,TOUS POUR LE CHANGEMENT,326,1.48,False,34
1067,197,RHDP,"UNE COTE DIVORREE EN PAIX, PROSPERE ET SOLIDAIRE",13382,60.96,True,34
1068,198,RHDP,MABRI TOIKEUSSE ALBERT ABDALLAH,11051,85.16,True,34
1069,198,INDEPENDANT,WONDIE KEBA DANIEL,575,4.43,False,34
1070,198,CODE,GOUNDAI MAHAN BARTHELEMY,154,1.19,False,34
1071,198,PDCI-RDA,PEHE TOUHOUGEBEU KEVIN,1033,7.96,False,34
1072,199,RHDP,KOKOUSSEU TOMIN ALEXIS,1819,24.37,True,34
1073,199,INDEPENDANT,GUEI DANIN MAGLOIRE,1618,21.68,False,34
1074,199,INDEPENDANT,GONGBE DOUGO MACAIRE,1509,20.22,False,34
1075,199,INDEPENDANT,DIKO YAKEUSSEU HERBERT,1102,14.77,False,34
1076,199,PDCI-RDA,DIGONLA KEULEGBE IRENE,1335,17.89,False,34
1077,200,INDEPENDANT,DOUMBIA YACOUBA AHMED,2605,19.61,False,34
1078,200,RHDP,KONE ABOUBACAR SIDIKI,10470,78.82,True,34
1079,200,INDEPENDANT,YACOUBA MEITE,202,2.7,False,34
1080,201,INDEPENDANT,MEITE YAYA,4329,57.89,True,34
1081,201,RHDP,MEITE BEN ABDOULAYE,2530,33.83,False,34
1082,201,INDEPENDANT,LADJI MEITE,302,4.04,False,34
1083,202,RHDP,DIOMANDE MAMADOU,6519,68.56,True,34
1084,202,INDEPENDANT,FOFANA VATIECOUMBA,2567,27.0,False,34
1085,202,INDEPENDANT,FOFANA LOSSENI,309,3.25,False,34
1086,202,INDEPENDANT,SOUMAHORO ADAMA,357,5.01,False,34
1087,202,INDEPENDANT,MOUSTAPHA FALL,1214,17.05,False,34
1088,203,RHDP,TIMITE SAHINDOU,3038,42.66,True,34
1089,203,INDEPENDANT,KEITA LASSINA,123,1.73,False,34
1090,203,INDEPENDANT,FOFANA GAOUSSOU,2023,28.41,False,34
1091,203,PDCI-RDA,ALI BAKAYOKO,195,2.74,False,34
1092,204,INDEPENDANT,DOSSO ABOUBACAR SIDIKY,2392,33.0,False,35
1093,204,INDEPENDANT,COULIBALY METOHA,2076,28.64,False,35
1094,204,RHDP,DOSSO MAMADOU,2545,35.11,True,35
1095,204,INDEPENDANT,KONE NEDJON,7,0.1,False,35
1096,204,INDEPENDANT,SOUMAHORO MOUSSA OUMAR,173,2.39,False,35
1097,205,RHDP,MEITE ABOULAYE,11233,88.64,True,35
1098,205,INDEPENDANT,KONE LOSSENI,46,0.36,False,35
1099,205,INDEPENDANT,TRAORE SEKOU,646,5.1,False,35
1100,205,RDP,FOFANA SIAKA,175,1.38,False,35
1101,205,PDCI-RDA,TRAORE MATAGALY KARIDJA,408,3.22,False,35
1102,67,RHDP,KONE ISSA,2749,26.38,True,12
1103,68,RHDP,DOGO LOGBO MYSS BELMONDE,4730,54.73,True,12
