id,nom,region,nb_bv,inscrits,votants,taux_participation,bulletins_nuls,suffrages_exprimes,blancs_nombre,blancs_pct,source_page
1,"ABOUDE, ATTOBROU, GUEESSIGUIE, GRAND-MORIE, LOVIGUIE, ORESS-KROBOU, COMMUNES ET SOUS-PREFECTURE, AGBOVILLE SOUS-PREFECTURE","AGNEBY-TIASSA",144,52106,14070,27.0,388,13682,76,0.56,1
2,AGBOVILLE COMMUNE,"AGNEBY-TIASSA",133,48710,12821,26.32,317,12504,81,0.65,1
3,AZAGUIE COMMUNE ET SOUS-PREFECTURE,"AGNEBY-TIASSA",44,15515,5174,33.35,73,5101,24,0.47,1
4,"ANANGUIE, CECHI ET RUBINO, COMMUNES ET SOUS-PREFECTURES","AGNEBY-TIASSA",72,23466,7650,32.6,241,7409,49,0.66,1
5,"GOMON ET SIKENSI, COMMUNES ET SOUS-PREFECTURES","AGNEBY-TIASSA",102,37720,10768,28.55,347,10421,134,1.29,2
6,"GBOLOUVILLE ET N'DOUCI, COMMUNES ET SOUS-PREFECTURES","AGNEBY-TIASSA",94,31758,9221,29.04,283,8938,72,0.81,2
7,"MOROKRO ET TIASSALE, COMMUNES ET SOUS-PREFECTURES","AGNEBY-TIASSA",123,39362,16841,42.78,518,16323,118,0.72,2
8,"PACOBO ET TAABO, COMMUNES ET SOUS-PREFECTURES","AGNEBY-TIASSA",68,23159,7576,32.71,399,7177,64,0.89,2
9,"BOOKO, BOROTOU, MAHANDOUGOU ET NIOKOSSO, COMMUNES ET SOUS-PREFECTURES","BAFING",77,17626,11919,67.62,59,11860,158,1.33,3
10,"KORO, COMMUNE ET SOUS-PREFECTURE","BAFING",42,13092,6583,50.28,117,6466,74,1.14,3
11,"GBELO, GOUEKAN, KOONAN, OUANINOU, SABOUDOUGOU ET SANTA, COMMUNES ET SOUS-PREFECTURES","BAFING",106,25316,15353,60.65,215,15138,208,1.37,3
12,"DIOMAN, FOUNGBESSO ET GUINTEGUELA, COMMUNES ET SOUS-PREFECTURES, TOUBA, SOUS PREFECTURE","BAFING",96,21299,13342,62.64,196,13146,141,1.07,3
13,"TOUBA, COMMUNE","BAFING",47,14962,7151,47.79,54,7097,75,1.06,3
14,"BAYA, KASSERE ET SIEMPURGO, COMMUNES ET SOUS-PREFECTURES","BAGOUE",63,19315,12802,66.28,330,12472,204,1.64,3
15,"BOUNDIALI ET GANAONI, COMMUNES ET SOUS-PREFECTURES","BAGOUE",106,36892,36846,99.88,0,36846,0,0.0,3
16,"BLESSEGUE ET KOUTO, COMMUNES ET SOUS-PREFECTURES","BAGOUE",59,19903,11808,59.33,70,11738,215,1.83,3
17,"GBON, KOLIA ET SIANHALA, COMMUNES ET SOUS-PREFECTURES","BAGOUE",88,31360,20373,64.96,183,20190,378,1.87,3
18,"DEBETE, KANAKONO, PAPARA ET TENGRELA, COMMUNES ET SOUS-PREFECTURES","BAGOUE",109,36904,22247,60.28,221,22026,197,0.89,3
19,"BOLI, DIDIEVI, MOLONOU-BLE ET TIE-NDIEKRO, COMMUNES ET SOUS-PREFECTURES","BELIER",129,36304,11536,31.78,421,11115,138,1.24,4
20,"LOMOKANKRO, MOLONOU, TLEBISSOU ET YAKPABO-SAKASSOU, COMMUNES ET SOUS-PREFECTURES","BELIER",147,42781,14778,34.54,537,14241,134,0.94,4
21,"TOUMODI, COMMUNE","BELIER",84,31946,9783,30.62,338,9445,57,0.6,4
22,"ANGODA, BONIKRO, DJEKANOU, KPOUEBO, KOKUMBO, COMMUNES ET SOUS-PREFECTURES, TOUMODI, SOUS-PREFECTURE","BELIER",139,43279,12775,29.52,556,12219,128,1.05,4
23,"BOUANDOUGOU ET TIENINGBOUE, COMMUNES ET SOUS-PREFECTURES","BERE",95,25590,14752,57.65,187,14565,237,1.63,4
24,"DIANRA ET DIARRA-VILLAGE, COMMUNES ET SOUS-PREFECTURES","BERE",88,26729,16599,62.1,291,16308,378,2.32,4
25,"MANKONO, COMMUNE ET SOUS-PREFECTURE","BERE",73,23860,12104,50.73,144,11960,138,1.15,4
26,"MARANDALLAH ET SARHALA, COMMUNES ET SOUS-PREFECTURES","BERE",78,21935,11771,53.66,130,11641,195,1.68,4
27,"KONGASSO ET KOUNAHIRI, COMMUNES ET SOUS-PREFECTURES","BERE",84,24391,10680,43.79,352,10328,224,2.17,4
28,"BOUKO ET BOUNA, COMMUNES ET SOUS-PREFECTURES","BOUNKANI",89,26581,14195,53.4,169,14026,283,2.02,4
29,"ONDEFIDOUO ET YOUNDOUO, COMMUNES ET SOUS-PREFECTURES","BOUNKANI",43,11091,7346,66.23,99,7247,209,2.88,5
30,"DANOA, DOROPO, KALAMON ET NIAMOUE, COMMUNES ET SOUS-PREFECTURES","BOUNKANI",67,19827,10300,51.95,163,10137,328,3.24,5
31,"BOGOFA, KAPIN, KOUTOUBA, NASSIAN ET SOMINASSE, COMMUNES ET SOUS-PREFECTURES","BOUNKANI",76,21508,14236,66.19,266,13970,178,1.27,5
32,"GOGO, TEHINI ET TOUGBO, COMMUNES ET SOUS-PREFECTURES","BOUNKANI",45,10547,5885,55.8,87,5798,160,2.76,5
33,"BLOLEQUIN, DIBOKE, DOKE, TINHOU ET ZEAGLO, COMMUNES ET SOUS-PREFECTURES","CAVALLY",115,34438,11735,34.08,558,11177,135,1.21,5
34,"BEDY-GOAZON, KAADE ET NIAZAHON, COMMUNES ET SOUS-PREFECTURES, GUIGLO, SOUS-PREFECTURE","CAVALLY",58,16418,6438,39.21,189,6249,70,1.12,5
35,"GUIGLO, COMMUNE","CAVALLY",95,35868,7312,20.39,252,7060,67,0.95,5
36,"TAI ET ZAGNE, COMMUNES ET SOUS-PREFECTURES","CAVALLY",67,23648,7238,30.61,250,6988,63,0.9,6
37,"BAKOUBLI, MEO, NEZOBLY, PEHE, TIOBLY ET TOULEPLEU, COMMUNES ET SOUS-PREFECTURES","CAVALLY",84,22722,11201,49.3,581,10620,115,1.08,6
38,"ABOBO, COMMUNE","DISTRICT AUTONOME D'ABIDJAN",1058,438021,107134,24.46,2055,105079,1214,1.16,6
39,"ADJAME, COMMUNE","DISTRICT AUTONOME D'ABIDJAN",284,118995,14608,12.28,419,14189,148,1.04,6
40,"ATTECOUBE, COMMUNE","DISTRICT AUTONOME D'ABIDJAN",250,103500,22760,21.99,382,22378,272,1.22,6
41,"COCODY, COMMUNE","DISTRICT AUTONOME D'ABIDJAN",667,279785,28279,10.11,501,27778,241,0.87,7
42,"KOUMASSI, COMMUNE","DISTRICT AUTONOME D'ABIDJAN",429,176954,33090,18.7,853,32237,328,1.02,7
43,"MARCORY, COMMUNE","DISTRICT AUTONOME D'ABIDJAN",268,112183,26325,23.47,873,25452,197,0.77,7
44,"PLATEAU, COMMUNE","DISTRICT AUTONOME D'ABIDJAN",228,97933,22944,23.43,998,21946,181,0.82,7
45,"PORT-BOUET, COMMUNE","DISTRICT AUTONOME D'ABIDJAN",352,145545,24059,16.53,994,23965,272,1.13,7
46,"TREICHVILLE, COMMUNE","DISTRICT AUTONOME D'ABIDJAN",151,63505,10658,16.78,106,10552,64,0.61,8
47,"YOPOUGON, COMMUNE","DISTRICT AUTONOME D'ABIDJAN",1320,555901,73989,13.31,2055,71934,707,0.98,8
48,"ANYAMA ET BROFODOUME, COMMUNES ET SOUS-PREFECTURE","DISTRICT AUTONOME D'ABIDJAN",279,107529,22823,21.22,597,22226,235,1.06,8
49,"BINGERVILLE, COMMUNE ET SOUS-PREFECTURE","DISTRICT AUTONOME D'ABIDJAN",180,68611,15096,22.0,224,14872,62,0.42,9
50,"SONGON, COMMUNE ET SOUS-PREFECTURE","DISTRICT AUTONOME D'ABIDJAN",122,43864,33793,77.04,281,33512,193,0.58,9
51,"ATIEGOUKAKRO ET LOLOBO, COMMUNES ET SOUS-PREFECTURES","DISTRICT AUTONOME DE YAMOSSOUKRO",61,22039,7804,35.41,219,7585,93,1.23,9
52,"KOSSOU, COMMUNE ET SOUS-PREFECTURE, YAMOUSSOUKRO, SOUS-PREFECTURE","DISTRICT AUTONOME DE YAMOSSOUKRO",62,19294,5120,26.54,174,4946,75,1.52,9
53,"YAMOUSSOUKRO,COMMUNE","DISTRICT AUTONOME DE YAMOSSOUKRO",288,118151,36304,30.73,756,35548,327,0.92,10
54,"GOULIA, TIENKO, MAHANDIANA-SOKOURANI ET KIMBIRILA-NORD, COMMUNES ET SOUS-PREFECTURES","FOLON",98,30154,21695,71.95,296,21399,422,1.97,10
55,"KANASSO, MINIGNAN ET SOKORO, COMMUNES ET SOUS-PREFECTURES","FOLON",60,19524,12753,65.32,144,12609,121,0.96,10
56,"ANDO-KEKRENOU, BEOUMI ET KONDROBO, COMMUNES ET SOUS-PREFECTURES","GBEKE",129,39082,15791,40.4,718,15073,166,1.1,10
57,"BODOKRO, LOLOBO ET NGUESSANKRO, COMMUNES ET SOUS-PREFECTURES","GBEKE",76,20187,7420,36.76,236,7184,78,1.09,10
58,"BOTRO ET KROFOINSOU, COMMUNES ET SOUS-PREFECTURES","GBEKE",64,15712,6698,42.63,231,6467,56,0.87,10
59,"DIABO ET LANGUIBONOU, COMMUNES ET SOUS-PREFECTURES","GBEKE",108,27040,10747,39.74,363,10384,147,1.42,10
60,"BOUAKE, VILLE","GBEKE",710,277859,114172,41.09,1375,112797,1179,1.05,10
61,"BOUNDA, BROBO ET MAMINI, COMMUNES ET SOUS-PREFECTURES, BOUAKE, SOUS-PREFECTURE","GBEKE",136,29385,11859,40.36,511,11348,143,1.26,11
62,"DJEBONOUA, COMMUNE ET SOUS-PREFECTURE","GBEKE",53,13760,5286,38.42,173,5113,59,1.15,11
63,"AYAKOU-SRAN, DIBRI-ASRIKRO, SAKASSOU ET TOUMODI-SAKASSOU, COMMUNES ET SOUS-PREFECTURES","GBEKE",143,38024,11752,30.91,377,11375,163,1.43,11
64,"DAKPADOU ET SAGO, COMMUNES ET SOUS-PREFECTURES","GBOKLE",71,19602,6919,35.3,108,6811,118,1.73,11
65,"GRIHIRI, LOBAKUYA, MEDON ET SANDRA, COMMUNES ET SOUS-PREFECTURES","GBOKLE",104,29913,7502,25.08,189,7313,61,0.83,11
66,"DAHIRI, FRESCO ET GBAGBAM, COMMUNES ET SOUS-PREFECTURES","GBOKLE",82,19869,6546,32.95,155,6391,57,0.89,11
69,"DOUGROUPALEGNOA, DOUKOUYO, GNAGBODOUGNOA ET SERIHO, COMMUNE ET SOUS-PREFECTURE","GOH",129,36390,10519,28.91,451,10068,159,1.58,13
70,"GAGNOA, COMMUNE","GOH",210,83356,11738,14.08,292,11446,100,0.87,13
71,"DIEGONEFLA ET TONLA, COMMUNE ET SOUS-PREFECTURE","GOH",101,31994,10995,34.37,265,10730,95,0.89,13
72,"GUEPAHOUO ET OUME, COMMUNE ET SOUS-PREFECTURE","GOH",165,46572,11867,25.48,334,11533,95,0.82,13
73,"APPIMANDOUM, BONDOUKOU ET PINDA-BOROKO, COMMUNES ET SOUS-PREFECTURES","GOH",155,52876,17219,32.56,394,16825,212,1.26,14
74,"BONDO, LAODI-BA, SAPLI-SEPINGO, TAOUDI ET YEZIMALA, COMMUNES ET SOUS-PREFECTURES","GOH",122,35843,18753,52.32,403,18350,339,1.85,14
75,"GOUMERE ET TABAGNE, COMMUNES ET SOUS-PREFECTURES","GOH",63,17425,9493,54.48,376,9117,124,1.36,14
76,"SOROBANGO ET TAGADI, COMMUNES ET SOUS-PREFECTURES","GOH",52,16336,9847,60.28,162,9685,117,1.21,14
77,"BOAHIA ET KOUASSI-DATEKRO, COMMUNES ET SOUS-PREFECTURES","GOH",52,13055,7563,57.89,195,7368,78,1.06,14
78,"KOKOMIAN, TANKESSE ET TIENKOIKRO, COMMUNES ET SOUS-PREFECTURES","GONTOUGO",67,19298,8901,46.59,505,8486,72,0.85,15
79,"KOUN-FAO, COMMUNE ET SOUS-PREFECTURE","GONTOUGO",47,15315,7579,49.49,218,7361,45,0.61,15
80,"BANDAKAGNI-TOMORA, DIMANDOUGOU, SANDEGUE ET YOROBODI, COMMUNES ET SOUS-PREFECTURES","GONTOUGO",63,19968,10862,54.4,37,10825,82,0.76,15
81,"AMANVI, DIAMBA, TANDA ET TCHEDIO, COMMUNES ET SOUS-PREFECTURES","GONTOUGO",141,39059,21861,55.97,501,21360,117,0.55,15
82,"ASSUEFRY, KOUASSIA-NIAGUINI ET TRANSUA, COMMUNES ET SOUS-PREFECTURES","GONTOUGO",102,30356,15766,51.94,305,15461,118,0.76,15
83,"DABOU, LOPOU ET TOUPAH, COMMUNES ET SOUS-PREFECTURES","GRANDS PONTS",226,82680,18971,22.95,401,18570,170,0.92,16
84,"AHOUANOU, BACANDA, EBONOU, GRAND-LAHOU ET TOUKOUZOU, COMMUNES ET SOUS-PREFECTURES","GRANDS PONTS",145,39303,11713,29.8,289,11424,91,0.8,16
85,"ATOUTOU ET JACQUEVILLE, COMMUNES ET SOUS-PREFECTURES","GRANDS PONTS",86,28167,8826,31.33,192,8634,70,0.81,16
86,"BANGOLO, GOHOUO-ZAGNA, KAHIN-ZARABAON ET ZOU, COMMUNES ET SOUS-PREFECTURES","GUEMON",114,38004,13853,36.45,257,13596,152,1.12,16
87,"BEOUE-ZIBIAO,BLENIME,DIEOUZON,GUINGLO-TAHOUKE ET ZEO, COMMUNES ET SOUS-PREFECTURES","GUEMON",84,24148,9809,40.62,357,9452,198,2.09,16
88,"BAGOHOU, GBAPLEU ET GUEZON, COMMUNES ET SOUS-PREFECTURES","GUEMON",84,26419,11837,44.8,202,11635,228,1.96,17
89,"DUEKOUE, COMMUNE","GUEMON",135,51242,12507,24.41,218,12289,127,1.03,17
90,"DUEKOUE,SOUS-PREFECTURE ET GUEHIEBLY,COMMUNES ET SOUS-PREFECTURE","GUEMON",48,15092,6652,44.08,180,6472,117,1.81,17
91,"FACOLY,GUEZON,KOUA,SEMIEN ET TIENY-SEABLY, COMMUNES ET SOUS-PREFECTURES","GUEMON",86,25531,8572,33.57,189,8383,111,1.32,17
92,"KOUIBLY,NIDROU,OUYABLY-GNONDROU ET TOTRODROU, COMMUNE ET SOUS-PREFECTURES","GUEMON",94,30990,10715,34.58,550,10165,117,1.15,17
93,"BASSAWA, SATAMA-SOKORO ET SATAMA-SOKOURA, COMMUNES ET SOUS-PREFECTURES","HAMBOL",73,19028,10798,56.75,187,10611,123,1.16,18
94,"DABAKALA, SOKALA-SOBARA, TENDENE-BAMBARASSO ET YAOSSEDOUGOU, COMMUNES ET SOUS-PREFECTURES","HAMBOL",108,28370,16909,59.6,253,16656,174,1.04,18
95,"BONIEREDOUGOU ET FOUMBOILO, COMMUNES ET SOUS-PREFECTURES","HAMBOL",82,22014,11652,52.93,295,11357,175,1.54,18
96,"FRONAN, KATIOLA ET TIMBE, COMMUNES ET SOUS-PREFECTURES","HAMBOL",128,45033,17667,39.23,396,17271,271,1.57,18
97,"ARIKOKAHA, NIAKARAMANDOUGOU ET TORTIYA, COMMUNES ET SOUS-PREFECTURES","HAMBOL",81,27757,12576,45.31,103,12473,160,1.28,18
98,"BADIKAHAN, NIEDEKAHA ET TAIFIRE, COMMUNES ET SOUS-PREFECTURES","HAMBOL",74,23601,23389,99.1,44,23345,16,0.07,18
99,"BEDIALA, GADOUAN ET GONATE, COMMUNES ET SOUS-PREFECTURES","HAUT-SASSANDRA",147,41499,12590,30.34,457,12133,146,1.2,18
100,"DALOA, VILLE ET SOUS-PREFECTURE","HAUT-SASSANDRA",358,129515,27394,21.15,401,26893,265,0.98,18
101,"GBOGUHE ET ZAHIBO, COMMUNES ET SOUS-PREFECTURES","HAUT-SASSANDRA",103,24051,10915,45.38,256,10659,122,1.14,18
102,"BOGUEDIA, ISSIA ET TAPEGUIA, COMMUNES ET SOUS-PREFECTURES","HAUT-SASSANDRA",166,52889,13588,25.69,447,13141,130,0.99,18
103,"IBOGUHE ET NAMANE, COMMUNES ET SOUS-PREFECTURES","HAUT-SASSANDRA",68,19888,6218,31.27,156,6062,76,1.25,19
104,"NAHIO ET SAIQUA, COMMUNES ET SOUS-PREFECTURES","HAUT-SASSANDRA",109,33075,13469,40.72,280,13189,162,1.23,19
105,"BAZRA NATILS, DANANON, KETRO-BASSAM ET VAVOUA, COMMUNES ET SOUS-PREFECTURES","HAUT-SASSANDRA",139,40972,12481,30.46,430,12051,428,3.55,19
106,"DANIA, COMMUNE ET SOUS-PREFECTURE","HAUT-SASSANDRA",46,12480,5299,42.46,154,5145,107,2.08,19
107,"SEITIFLA, COMMUNE ET SOUS-PREFECTURE","HAUT-SASSANDRA",42,11109,5174,46.57,183,4991,88,1.76,20
108,"DOMANGREU, GREGREU, GUESSABO ET ZOUKOUGBEU, COMMUNES ET SOUS-PREFECTURES","HAUT-SASSANDRA",92,24325,8062,33.14,171,7891,85,1.08,20
109,"AKPASSANOU, ANANDA ET OUELLE COMMUNES ET SOUS-PREFECTURES","IFFOU",70,19944,7665,38.43,237,7428,54,0.73,20
110,"DAoukRO ET N'GATTAKRO, COMMUNES ET SOUS-PREFECTURES","IFFOU",111,37825,10860,28.71,436,10424,72,0.69,20
111,"ETTROKRO ET SAMANZA, COMMUNES ET SOUS-PREFECTURE","IFFOU",44,11430,5639,49.34,315,5324,53,1.0,20
112,"BONGOUERA, KONDOUSSOU ET MBAPAHIAKRO, COMMUNES ET SOUS-PREFECTURES","IFFOU",118,31073,14797,47.62,640,14157,198,1.4,20
113,"ANIANOU, FAMIENKRO, KOFFI-AMONKRO, NAFANA ET PRIKRO, COMMUNE ET SOUS-PREFECTURES","IFFOU",105,30711,15501,50.47,406,15095,225,1.49,20
114,"ABENGOUROU, COMMUNE","INDENIE-DJUABLIN",128,48575,11873,24.44,206,11667,48,0.41,20
115,"ABENGOUROU, SOUS-PREFECTURE, AMELEKIA, ANIANSUE, EBILASSOKRO, NIABLE, YAKASSE-FEYASSE ET ZARANOU, COMMUNES ET SOUS-PREFECTURES","INDENIE-DJUABLIN",166,51273,22283,43.46,498,21785,104,0.48,20
116,"AGNIBILEKROU, COMMUNE ET SOUS-PREFECTURES","INDENIE-DJUABLIN",74,28087,11675,41.57,423,11252,77,0.68,21
117,"AKOBOISSUE ET DAME, DOUFFREBO ET TANGUELAN, COMMUNES ET SOUS-PREFECTURES","INDENIE-DJUABLIN",67,17960,8130,45.27,470,7660,67,0.87,21
118,"BETTIE ET DIAMARAKRO, COMMUNES ET SOUS-PREFECTURETURES","INDENIE-DJUABLIN",47,14086,5069,35.99,142,4927,30,0.61,21
119,"GBONGAHA ET SEGUELON, COMMUNES ET SOUS-PREFECTURES","KABADOUGOU",39,11815,8223,69.6,50,8173,104,1.27,21
120,"FENGOLO, MADINANI ET NGOLOBLASSO, COMMUNES ET SOUS-PREFECTURES","KABADOUGOU",55,17672,11759,66.54,138,11621,149,1.28,21
121,"BAKO, BOUGOUSSO ET DIOULATIEDIOGOU, COMMUNES ET SOUS-PREFECTURES","KABADOUGOU",69,18754,13278,70.8,142,13136,158,1.2,21
122,"GBELEBAN ET SEYDOUGOU, COMMUNES ET SOUS-PREFECTURES","KABADOUGOU",23,7903,4577,57.91,92,4485,75,1.67,21
123,"ODIENNE, COMMUNE","KABADOUGOU",87,32124,32116,99.98,9,32107,0,0.0,21
124,"KIMBIRILA-SUD, TIEME, SAMATIGUILA, ET SAMANGO, COMMUNES ET SOUS-PREFECTURES, ODIENNE, SOUS PREFECTURE","KABADOUGOU",87,26474,17165,64.84,244,16921,152,0.9,22
141,"ADZOPE, COMMUNE","LAME",88,34787,12179,35.01,3423,8756,42,0.48,22
142,"AGOU, BECEDI-BRIGNAN ET YAKASSE-ME, COMMUNES ET SOUS-PREFECTURES","LAME",86,32407,10322,31.85,270,10052,70,0.7,22
143,"ADZOPE, SOUS-PREFECTURE, ANNEPE ET ASSIKOI, COMMUNES ET SOUS-PREFECTURES","LAME",89,33376,12344,36.98,268,12076,97,0.8,22
144,"AFFERY, COMMUNE ET SOUS-PREFECTURE","LAME",41,16380,6980,42.61,287,6693,20,0.3,22
145,"AKOUPE ET BECOUEFIN, COMMUNES ET SOUS-PREFECTURE","LAME",109,41157,13552,32.93,488,13064,86,0.66,23
146,"ABOISSO-COMOE, ALEPE, ALLOSSO, DANGUIRA ET OGHLWAPO, COMMUNES ET SOUS-PREFECTURES","LAME",156,54427,13996,25.72,349,13647,97,0.71,23
147,"ABONGOUA, BIEBY ET YAKASSE-ATTOBROU, COMMUNES ET SOUS-PREFECTURES","LAME",69,27218,10647,39.12,622,10025,78,0.78,23
125,"CHIEPO, DIDOKO, NEBO ET OGOUDOU, COMMUNES ET SOUS-PREFECTURES, DIVO, SOUS-PREFECTURE","LOH-DJIBOUA",176,47838,14471,30.25,544,13927,174,1.25,23
126,"DIVO, COMMUNE","LOH-DJIBOUA",201,80222,28025,34.93,528,27497,141,0.51,23
127,"HIRE ET ZEGO, COMMUNES ET SOUS-PREFECTURES","LOH-DJIBOUA",80,28375,7714,27.19,249,7465,88,1.18,23
128,"DAIRO-DIDIZO ET GUITRY, COMMUNES ET SOUS-PREFECTURES","LOH-DJIBOUA",118,30986,13544,43.71,276,13268,160,1.21,24
129,"LAUZOA ET YOCoboue, COMMUNES ET SOUS-PREFECTURE","LOH-DJIBOUA",50,12142,5036,41.48,139,4897,91,1.86,24
130,"DJIDJI, GAGORE ET ZIKISSO, COMMUNES ET SOUS-PREFECTURES","LOH-DJIBOUA",45,13640,4476,32.82,156,4320,58,1.34,24
131,"GOUDOUKO ET NIAMBEZARIA, COMMUNES ET SOUS-PREFECTURES","LOH-DJIBOUA",68,18404,6693,36.37,242,6451,74,1.15,24
132,"LAKOTA, COMMUNE ET SOUS-PREFECTURE","LOH-DJIBOUA",118,38754,8724,22.51,250,8474,70,0.83,24
133,"BEGBESSOU, NDOUFFOUKANKRO ET TIBEITA, COMMUNES ET SOUS-PREFECTURES, BOUAFLE, SOUS-PREFECTURE","MARAHOUE",133,36006,10954,30.42,348,10606,187,1.76,25
134,"BOUAFLE, COMMUNE","MARAHOUE",113,43844,12123,27.65,180,11943,90,0.75,25
135,"BONON ET ZAGUIETA, COMMUNES ET SOUS-PREFECTURES","MARAHOUE",112,35059,8815,25.14,175,8640,109,1.26,25
136,"BAZRE ET KONONFLA, COMMUNES ET SOUS-PREFECTURES","MARAHOUE",82,20818,6995,33.6,167,6828,59,0.86,25
137,"KOUETINFLA ET SINFRA, COMMUNES ET SOUS-PREFECTURE","MARAHOUE",147,48502,14650,30.2,350,14300,106,0.74,26
138,"GOHITAFLA, IRIEFLA, MAMINIGUI, COMMUNES ET SOUS-PREFECTURE","MARAHOUE",69,22447,6845,30.49,119,6726,94,1.4,26
139,"KANZRA, VOUEBOUFLA, ZANZRA, COMMUNES ET SOUS-PREFECTURES, ZUENOOULA, SOUS-PREFECTURE","MARAHOUE",88,23114,7950,34.39,251,7699,162,2.1,26
140,"ZUENOULA, COMMUNE","MARAHOUE",48,18540,5342,28.81,126,5216,53,1.02,27
154,"ARRAH, KOTOBI ET KREGBE, COMMUNES ET SOUS-PREFECTURES","MORONOU",95,34560,14012,40.54,424,13588,122,0.9,27
157,"BONGOUANOU, COMMUNE","MORONOU",68,24670,7232,29.31,246,6986,54,0.77,27
158,"ANDE, ASSIE-KOUMASSI ET N'GUESSANKRO, COMMUNES ET SOUS-PREFECTURES ET BONGOUANOU SOUS-PREFECTURE","MORONOU",92,34019,10414,30.61,439,9975,110,1.1,27
161,"ANoumaba et Tiémélekro, communes et sous-prefectures","MORONOU",65,19083,8372,43.87,317,8055,80,0.99,28
162,"Assahara et Mbatto, communes et sous-prefectures","MORONOU",83,27427,9770,35.62,446,9324,59,0.63,28
148,"Dabouyo et Gueyo, communes et sous-prefectures","NAWA",73,19218,5564,28.95,202,5362,50,0.93,28
149,"Buyo et Dapeoua, communes et sous-prefectures","NAWA",115,27640,6852,24.79,323,6529,99,1.52,28
150,"Gnamangui, Meagui et Oupoyo, communes et sous-prefectures","NAWA",214,57090,12968,22.72,671,12297,136,1.11,28
151,"Grand-Zatry, communes et sous-prefecture","NAWA",70,19273,6190,32.12,244,5946,49,0.82,28
152,"LILIYO ET OKROUYO, COMMUNES ET SOUS-PREFECTURES","NAWA",145,34787,9285,26.69,409,8876,117,1.32,29
153,"SOUBRE, COMMUNES ET SOUS-PREFECTURE","NAWA",160,53618,9246,17.24,301,8945,79,0.88,29
155,"BENGASSOU, BOCANDA, KOUADIOBLEKRO ET NZECREZESSOU, COMMUNES ET SOUS-PREFECTURES","N'ZI",157,44988,18242,40.55,791,17451,252,1.44,29
156,"KOUASSI-KOUASSIKRO, COMMUNES ET SOUS-PREFECTURE","N'ZI",46,13333,5319,39.89,227,5092,70,1.37,29
159,"ABIGUI, DIANGOKRO ET NOFOU, COMMUNES ET SOUS-PREFECTURES","N'ZI",50,13202,5902,44.71,216,5686,53,0.93,29
160,"DIMBOKRO, COMMUNE ET SOUS-PREFECTURE","N'ZI",99,36237,10564,29.15,401,10163,64,0.63,29
163,"BORON, DIKODOUGOU ET GUIEMBE, COMMUNES ET SOUS-PREFECTURES","PORO",103,28727,13999,48.73,246,13753,363,2.64,30
164,"BOUGOU, KATOGO ET M'BENGUE, COMMUNES ET SOUS-PREFECTURES","PORO",102,32495,20095,61.84,218,19877,640,3.22,30
165,"KATIALI ET NIOFOIN, COMMUNES ET SOUS-PREFECTURES","PORO",61,16977,11753,69.23,267,11486,225,1.96,30
166,"DASOUNGBOHO ET TIORONIAARADOUGOU, COMMUNES ET SOUS-PREFECTURES","PORO",44,14548,7943,54.6,153,7790,179,2.3,30
167,"KARAKORO ET KOMBORODOUGOU, COMMUNES ET SOUS-PREFECTURES","PORO",76,19557,11288,57.72,151,11137,118,1.06,30
168,"KANOROBA, NAFOUN ET SIRASSO, COMMUNES ET SOUS-PREFECTURES","PORO",66,21203,12611,59.48,205,12406,337,2.72,30
169,"KIEMOU ET NAPIE, COMMUNES ET SOUS-PREFECTURES","PORO",73,21396,9378,43.83,135,9243,168,1.82,30
170,"KOMBOLOKOURA, KONI ET LATAHA, COMMUNES ET SOUS-"PORO"PREFECTURES, KORHOGO SOUS-PREFECTURE",,106,34511,32994,95.6,12,32982,1,0.0,30
171,"KORHOGO, VILLE","PORO",371,149223,142250,95.33,258,141992,108,0.08,30
172,"KAGBOLOODOUGOU, SEDIEGO ET SINEMATIALI, COMMUNES ET SOUS-PREFECTURES","PORO",93,30231,29595,97.9,68,29527,13,0.04,30
173,"DOBA ET GABIADJI, COMMUNES ET SOUS-PREFECTURES, SAN PEDRO, SOUS-PREFECTURE","SAN PEDRO",166,46381,11310,24.38,498,10812,130,1.2,30
174,"DOGBO ET GRAND-BEREBY, COMMUNES ET SOUS-PREFECTURES","SAN PEDRO",102,28569,7631,26.71,191,7440,49,0.66,30
175,"SAN PEDRO, COMMUNE","SAN PEDRO",250,93355,24880,26.65,576,24304,146,0.6,31
176,"DAPO-IBOKE, DJAMANDIOKE, OLODIo ET TABOU, COMMUNES ET SOUS-PREFECTURES","SAN PEDRO",99,25383,8058,31.75,280,7778,81,1.04,31
177,"DJOURTOUOTU ET GRABO, COMMUNES ET SOUS-PREFECTURE","SAN PEDRO",66,18068,4503,24.92,138,4365,56,1.28,31
178,"ABOISSO, COMMUNE","SUD COMOE",102,42232,11168,26.44,246,10922,49,0.45,31
179,"ABOISSO, SOUS-PREFECTURE, ADAOU, ADJOUAN, KOUAKRO ET MAFERE, COMMUNES ET SOUS-PREFECTURES","SUD COMOE",141,46549,17283,37.13,317,16966,99,0.58,31
180,"AYAME, BIANOUAN ET YAOU, COMMUNES ET SOUS-PREFECTURES","SUD COMOE",62,20423,8734,42.77,500,8234,51,0.62,31
181,"ADIAKE, ASSINIE-MAFIA ET ETUEBOUE, COMMUNES ET SOUS-PREFECTURES","SUD COMOE",94,32509,14212,43.72,327,13885,46,0.33,31
182,"BONGO ET BONOUA, COMMUNES ET SOUS-PREFECTURE","SUD COMOE",152,56912,12764,22.43,325,12439,50,0.4,32
183,"GRAND-BASSAM, COMMUNE ET SOUS-PREFECTURE","SUD COMOE",155,62844,9830,15.64,113,9717,93,0.96,32
184,"NOE, NOUAMOU ET TIAPOUM, COMMUNES ET SOUS-PREFECTURES","SUD COMOE",62,17411,8000,45.95,261,7739,42,0.54,32
185,"BILIMONO, KONG ET SIKOLO, COMMUNES ET SOUS-PREFECTURES","TCHOLOGO",103,25546,23651,92.58,26,23625,11,0.05,32
186,"FERKESSEDOUGOU,COMMUNE","TCHOLOGO",84,33780,12675,37.52,239,12436,80,0.64,32
187,"FERKESSEDOUGOU, SOUS PREFECTURE; KOUMBALAN ET TOGONIERE, COMMUNES ET SOUS-PREFECTURES","TCHOLOGO",106,31066,26516,85.35,91,26425,82,0.31,32
188,"DIAWALA, NIELLE, ET TOUMOUOKRO, COMMUNES ET SOUS-PREFECTURES","TCHOLOGO",131,43211,40576,93.9,83,40493,87,0.21,32
189,"ZACUARA ET OUANGOLODOUGO, COMMUNES ET SOUS-PREFECTURES","TCHOLOGO",78,27287,19350,70.91,163,19187,141,0.73,32
190,"BIANKOUMA, BLAPLEU, KPATA ET SANTA, COMMUNES ET SOUS-PREFECTURES","TONKPI",113,37201,14810,39.81,113,14697,150,1.02,32
191,"GBANGBEGOUINE, GBONNE ET GOUNE, COMMUNES ET SOUS-PREFECTURES","TONKPI",60,15101,7589,50.25,239,7350,94,1.28,32
192,"SIPILOU ET YORODOUGOU, COMMUNES ET SOUS-PREFECTURES","TONKPI",47,14298,6588,46.08,84,6504,88,1.35,33
193,"DALEU, DANANE, GBON-HOUYE, KOUAN-HOULE ET SEILEU, COMMUNES ET SOUS-PREFECTURES","TONKPI",240,64623,18599,28.78,715,17884,207,1.16,33
194,"MAHAPLEU ET ZONNEU, COMMUNES ET SOUS-PREFECTURES","TONKPI",80,22392,8583,38.33,457,8126,108,1.33,33
195,"BOGOUINE, LOGOUALE, YAPLEU ET ZIOGOUINE, COMMUNES ET SOUS-PREFECTURES","TONKPI",66,20102,8315,41.36,331,7984,78,0.98,33
196,"FAGNAMPLEU, GBANGBEGBOUINE-YATI, PODIAGOUINE, SANDOUGOU-SOBA, SANDOUGOUINE ET ZAGUE, COMMUNE ET SOUS-PREFECTURE(S), MAN, SOUS-PREFECTURE","TONKPI",132,39659,17734,44.72,738,16996,243,1.43,34
197,"MAN, COMMUNE","TONKPI",172,64408,22399,34.78,446,21953,128,0.58,34
198,"BANNEU, TEAPLEU, YELLEU ET ZOUAN-HOUNIEN, COMMUNE ET SOUS-PREFECTURES","TONKPI",160,48980,13295,27.14,318,12977,164,1.26,34
199,"BIN-HOUYE ET GOULALEU, COMMUNE ET SOUS-PREFECTURE(S)","TONKPI",59,15441,7970,51.62,507,7463,80,1.07,34
200,"DJIBROSSO, FADIADOUGOU ET MORONDO, COMMUNE ET SOUS-PREFECTURES","WORODOUGOU",66,20380,13373,65.62,90,13283,208,1.57,34
201,"KANI, COMMUNE ET SOUS-PREFECTURE","WORODOUGOU",41,13143,7621,57.99,143,7478,115,1.54,34
202,"BOBI-DIARABANA, COMMUNE ET SOUS-PREFECTURE, SEGUELA, SOUS-PREFECTURE","WORODOUGOU",60,16811,9578,56.97,69,9509,114,1.2,34
203,"SEGUELA, COMMUNE","WORODOUGOU",55,20148,7201,35.74,80,7121,171,2.4,34
204,"DUALLA ET MASSALA, COMMUNES ET SOUS-PREFECTURES","WORODOUGOU",48,12876,7334,56.96,85,7249,56,0.77,35
205,"KAMALO, SIFIE ET WOROFLA, COMMUNES ET SOUS-PREFECTURES","WORODOUGOU",74,19878,12803,64.41,131,12672,164,1.29,35
67,"BAYOTA, DAHIEPA-KEHI, OURAGAHIO ET YOPOHUE, COMMUNES ET SOUS-PREFECTURES","GOH",150,42324,10693,25.26,274,10419,166,1.59,12
68,"DIGNAGO, GALEBOUJO ET GUIBEROUJA, COMMUNES ET SOUS-PREFECTURES","GOH",110,30755,8919,29.0,276,8643,87,1.01,12
